"Name","Last Name","First Name","LinkedIn Profile","Remarks"
"AccelGolf","Mayhew","Sky","www.linkedin.com/in/skymayhew",
"AccelGolf","Daniels ","James","www.linkedin.com/in/jamesdaniels",
"Accountable","Henry ","Kevin","www.linkedin.com/in/kevinleehenry",
"AdsNative","Kapade","Kuldeep","www.linkedin.com/in/kuldeepkapade",
"AdsNative","Mujumbar","Dhawal","www.linkedin.com/in/dhawalm",
"ADstruc","Warrum","Josh","www.linkedin.com/pub/josh-warrum/5/284/482",
"ADstruc","Laramie","John","www.linkedin.com/in/johnlaramie",
"AdYapper","Patel","Kal","www.linkedin.com/in/kalpatel1",
"AdYapper","Hirsch","Elliot","www.linkedin.com/in/elliotehirsch",
"AdYapper","Wietecha","Wojo","www.linkedin.com/in/wietecha",
"Aire","Bundy","John","uk.linkedin.com/in/jonbundy",
"Aire","Varma","Aneesh","uk.linkedin.com/in/aneeshvarma",
"Airpost","Karim","Alam","ca.linkedin.com/in/alamkarim",
"AkibaH","Abdelsalam","Fathi","www.linkedin.com/pub/fathi-abdelsalam/12/8a9/650",
"AkibaH","Jafferji","Mustaza","www.linkedin.com/in/jafferji",
"All4Staff","Secunda","David","www.linkedin.com/in/dsecunda",
"All4Staff","Nisnevich","Arthur","www.linkedin.com/in/arthurn",
"Ambassador","Epstein","Jeff","www.linkedin.com/in/epsteinjeffrey",
"Amino","Anderson","Benjamin","www.linkedin.com/pub/benjamin-anderson/14/b09/6aa",
"AmpIdea","Yerramilly","Sumant","www.linkedin.com/in/syerramilly",
"Appetas","Smith","Keller","www.linkedin.com/pub/keller-smith/41/788/509",
"Appetas","Fonger","Curtis","www.linkedin.com/in/cfonger",
"Application Experts","Kevin ","Kelly","link found but no link for profile.",
"Appsembler","Aune","Nate","www.linkedin.com/in/natea",
"AppSheet","Seshadri","Praveen","www.linkedin.com/in/praveenseshadri",
"AppSheet","Sabino","Brian","www.linkedin.com/in/briansa",
"Apptentive","Ganguly","Robi","www.linkedin.com/in/robiganguly",
"Apptentive","Kelsey","Sky","www.linkedin.com/in/skykelsey",
"Atlas","Kasparian","Mike","www.linkedin.com/pub/mike-kasparian/27/b1a/19b",
"Atlas5D","Rashid","Shahid","www.linkedin.com/in/shahidrashidsf",
"Augur","Alsafar","Nawar","www.linkedin.com/in/alsafar",
"Augur","Jimenez","Brandon","www.linkedin.com/in/jiminikiz",
"Avuba","Bruns","Wilken","de.linkedin.com/in/wilkenbruns/en",
"Avuba","Lukesch","Oliver","de.linkedin.com/in/oliverlukesch/en",
"Avuba","Piela","Jonas","de.linkedin.com/in/jonaspiela",
"Azuqua","Unger","Craig","www.linkedin.com/in/craigunger",
"Azuqua","Hasija","Nikhil","www.linkedin.com/in/nikhilhasija",
"BagsUp","Jones","Mark",,"no linkedIn found"
"Bawte","Jackovin","John","www.linkedin.com/in/jackovin",
"Baydin","Moah","Aye","www.linkedin.com/in/ayemoah",
"BeehiveID","Kilpatrick","Alex","www.linkedin.com/in/alexkilpatrick",
"Bench","Rodionov","Pavel","ca.linkedin.com/in/pavelrodionov",
"Bench","Saint","Adam","ca.linkedin.com/pub/adam-saint/8/226/510",
"BirdBox","Cawley","Kevin","www.linkedin.com/in/kcbigring",
"BirdBox","Nunez","Ben","www.linkedin.com/in/nunez",
"Bison","Goksor","Rasmus","www.linkedin.com/in/rasmusgoksor",
"Bizible Marketing Analytics","Bird","Aaron","www.linkedin.com/in/aaronbird",
"Bizible Marketing Analytics","Thompson","Peter","www.linkedin.com/in/peterathompson",
"Bluebox Now","n/a","n/a","n/a","no found"
"Bondsy","Zambrano","Diego","www.linkedin.com/in/zambrano",
"BookingMarkets","Brown","Page","www.linkedin.com/in/paigebrown",
"Boxella","Khandelwal","Vikas","www.linkedin.com/in/khandelwalvikas",
"Branching Minds","Gat ","Maya","www.linkedin.com/pub/maya-gat/16/bab/175",
"Branching Minds","Magier","David","www.linkedin.com/in/davidmagier",
"Brandfolder","Arterburn","Paul","www.linkedin.com/in/paularterburn",
"Brewbot","McClelland","Chris","www.linkedin.com/in/cmcclelland",
"Brewbot","Campbell","Jonny","uk.linkedin.com/pub/jonny-campbell/87/218/448",
"Brightkite","Virolainen","Juho-Pekka","fi.linkedin.com/in/jpvirolainen",
"Brightkite","Lawson","Rob","www.linkedin.com/in/roblawson",
"Brightkite","Becker","Brady","www.linkedin.com/in/bradybe",
"BriteHub","Ferlauto","Dorian","www.linkedin.com/pub/dorian-j-ferlauto/18/873/56",
"BuildersCloud","Novikov","Konstantin","www.linkedin.com/in/konstantinnovikov",
"Burpy","Ali","Aseem","www.linkedin.com/in/aseemali",
"Burpy","Momin","Azim","www.linkedin.com/pub/azim-momin/51/22b/a1b",
"Buy Play Win","n/a","n/a","n/a","no found"
"Cangrade","Lehr","Steve","www.linkedin.com/pub/steve-lehr/9/609/6b4",
"Cangrade","Goren","Gershon","www.linkedin.com/in/ggoren",
"Cangrade","Burtov","Michael","www.linkedin.com/in/burtov",
"Captimo","Bliss","John","www.linkedin.com/in/johnsbliss",
"CaptureProof","Conroy","Meghan","www.linkedin.com/pub/meghan-conroy/0/a97/281",
"Careport Health","Vivek","Garipalli","n/a","no link found"
"CartCrunch","Molad","Eyal","il.linkedin.com/in/eyalmolad",
"CartCrunch","Yair","Eyal","il.linkedin.com/in/eyalyair",
"CartCrunch","Ohevya","Elon","il.linkedin.com/in/eohevya",
"Change Collective","Haswell","Derek","www.linkedin.com/in/drhaswell",
"Change Collective","Rubin","Ben","www.linkedin.com/in/bsrubin",
"ChatID","Herman ","Dan","www.linkedin.com/pub/dan-herman/4/79a/a54",
"CheckIO","Avramenko","Liza","www.linkedin.com/in/lavramenko",
"CheckIO","Lyabah","Alexander","ua.linkedin.com/in/lyabah",
"ChoreMonster","Bergman","Chris","www.linkedin.com/in/chrismbergman",
"Chroma Games","Estes","Marcus","www.linkedin.com/in/popmechanic",
"Clarify","Rothschild","Ivo","ca.linkedin.com/pub/ivo-rothschild/3/405/8a4",
"Clarify","Murphy","Paul","www.linkedin.com/in/prmurphy",
"ClassPass","Kadakia","Payal","www.linkedin.com/pub/payal-kadakia/2/29/84",
"ClassPass","Biggins","Mary","www.linkedin.com/in/mbiggins",
"ClassWallet","Rosenberg","Jamie","www.linkedin.com/in/classwalletceo",
"ClauseMatch","Dijksa","Peter`","nl.linkedin.com/in/tradinglawyer",
"ClauseMatch","Likhoded","Evgeny","uk.linkedin.com/in/elikhoded",
"Cloud 66","Sajadi","Khash","uk.linkedin.com/in/ksajadi",
"Cloudability","Ellis","Mat","www.linkedin.com/in/matellis",
"Cloudability","Storment","J.R","www.linkedin.com/in/jrstorment",
"CloudOptions","Burow","Dave","www.linkedin.com/pub/dave-burow/14/863/b79",
"CloudOptions","Hicks","Joe","www.linkedin.com/in/hicksjoseph",
"Cloudsnap","Loretz","Colin","www.linkedin.com/in/colinloretz",
"Cloudsnap","Yoder","Chris","www.linkedin.com/in/yodasan",
"Clutch Prep","Fontaine","Alain","www.linkedin.com/in/alainfontaine",
"Clutch Prep","Velos","Artem","www.linkedin.com/in/artemvolos",
"Clutch Prep","Betancourt","Johnny","www.linkedin.com/in/johnnybetancourt",
"CoachBase","Rumjahn","Keith","hk.linkedin.com/in/rumjahn",
"CoachUp","Fliegel","Jordan","www.linkedin.com/in/jordanfliegel",
"CoachUp","Radmand","Arian","www.linkedin.com/in/arianradmand",
"Codarica","Nilsson","Sanna","se.linkedin.com/in/sannanilsson",
"Codeanywhere","Burazin","Ivan","www.linkedin.com/in/ivanburazin",
"CodeMentor","Liu","Weiting","www.linkedin.com/in/weitingliu",
"Codeship","Weiss","Manuel","at.linkedin.com/pub/manuel-weiss/66/812/864/en",
"Codeship","Motlik","Florian","at.linkedin.com/in/florianmotlik/en",
"Codeship","Plassnig","Moritz","www.linkedin.com/in/moritzplassnig/en",
"CodeStarter","Preston-Werner","Theresa","www.linkedin.com/pub/theresa-preston-werner/88/b57/3ba",
"CodeStarter","Preston-Werner","Tom","www.linkedin.com/pub/tom-preston-werner/4/122/382",
"Cognotion","Schneier","Joanna","www.linkedin.com/in/joannaschneier",
"Colatris","Cihla","AJ","www.linkedin.com/in/ajcihla",
"Colatris","Eloyan","Albert","www.linkedin.com/in/alberteloyan",
"Colatris","Deffibaugh","Joshua","www.linkedin.com/in/jophde",
"Common Form","Hendricks","Bill","www.linkedin.com/in/billhendricks",
"Common Form","Logston","Charles","www.linkedin.com/in/charleslogston",
"Common Form","Marron","Austin","www.linkedin.com/in/amarron",
"Concert Window","Gurney","Dan","www.linkedin.com/in/dangurney",
"Condition One","Martesko-Fenster","Karol","www.linkedin.com/in/karolmartesko",
"Condition One","Okada","Takkaaki","www.linkedin.com/pub/takaaki-okada/4/397/32",
"Condition One","Dennis","Danfung","www.linkedin.com/in/danfungdennis",
"Conductrics","Gershoff","Matt","www.linkedin.com/pub/matt-gershoff/0/26a/a62",
"Conspire","Devkar","Alex","www.linkedin.com/in/alexdevkar",
"Conspire","McReynolds","Paul","www.linkedin.com/in/pauljm",
"Contently","Goldberg","David","www.linkedin.com/in/davidtgoldberg",
"Continuum Fashion","Fizel","Jenna","www.linkedin.com/in/jftesser",
"Continuum Fashion","Huang","Mary","www.linkedin.com/pub/mary-huang/28/851/b56",
"CoolChip Technologies","Gonzalez","Lino","www.linkedin.com/in/linoagonzalez",
"CoolChip Technologies","Sanchez","William","www.linkedin.com/in/sanchezw",
"CoolChip Technologies","Stoddard","Steven","www.linkedin.com/in/stevenstoddard",
"coUrbanize","Brandt","Karin","www.linkedin.com/in/karbrandt",
"Creative Brain Studios","Wallner","Gerald","www.linkedin.com/pub/gerald-wallner-csm/6/b03/727",
"CreatorBox","Ronick","David","www.linkedin.com/in/davidronick",
"Crowdestates","Zogolovitch","Guz","uk.linkedin.com/pub/gus-zogolovitch-ba-mba/22/332/a30",
"Crowdly","Sullivan","Daniel","www.linkedin.com/in/danielsullivan0",
"CrowdTwist","Fain","Irving","www.linkedin.com/in/irvingfain",
"CrowdTwist","Bowen","Josh","www.linkedin.com/in/joshuabowen",
"Crowsnest Labs","Sorenson","Joshua","www.linkedin.com/in/joshsorenson",
"Cuecard","Verona","Tomer","www.linkedin.com/in/tomerverona",
"Cuecard","Yen","Galex","www.linkedin.com/in/galexyen",
"DailyBurn","Blankenship","Stephen","www.linkedin.com/in/stephenb",
"Dash Labs","Edis","Jamyn","www.linkedin.com/pub/jamyn-edis/0/373/78b",
"Dash Labs","Langel","Brian","www.linkedin.com/pub/brian-langel/20/868/841",
"Data Everywhere","McGee","Daniel","www.linkedin.com/pub/dan-mcgee/2/312/3a4",
"Data Everywhere","Bortz","Dave","www.linkedin.com/in/davebortz",
"Data Everywhere","Pruitt","Andy","www.linkedin.com/in/rapruitt",
"Databox","Gabrovec","Davorin","www.linkedin.com/in/davoring",
"Databox","Petrovic","Vlada","si.linkedin.com/in/vladapetrovic",
"DataRobot","Achin","Jeremy","www.linkedin.com/pub/jeremy-achin/3a/558/b42",
"DealAngel","Peskin","Roman","www.linkedin.com/in/romanpeskin",
"Degreed","Blake ","David","www.linkedin.com/in/davidblake",
"Degreed","Sharp","Eric","www.linkedin.com/in/ericgsharp",
"Designlab","Gustofson","Max","www.linkedin.com/in/maxgustofson",
"Designlab","Shapiro","Daniel","www.linkedin.com/in/shapirodaniel",
"Designlab","Venkatesan","Harish","www.linkedin.com/in/harishvenkatesan",
"Devver","n/a","n/a","n/a","no found"
"DigitalOcean","Uretskky","Ben","www.linkedin.com/in/benuretsky",
"DigitalOcean","Uretskky","Moisey","www.linkedin.com/pub/moisey-uretsky/22/263/2",
"DigitalOcean","Wainer","Mitch","www.linkedin.com/in/mitchwainer",
"Dispatch","Godin","Alex","www.linkedin.com/pub/alex-godin/33/a2/b17",
"Dispatch","LosHuertos","Gary","www.linkedin.com/pub/gary-loshuertos/11/68/aa0",
"Distil","Akyol","Engin","www.linkedin.com/pub/engin-akyol/26/911/483",
"Distil","Essaid","Rami","www.linkedin.com/in/ramiessaid",
"DocTrackr","Cazaot","Clement","www.linkedin.com/in/clementcazalot/en",
"DocTrackr","Gentea","Alexander","dk.linkedin.com/in/alexgentea",
"DocTrackr","Mittermaier","Uli","www.linkedin.com/in/umittermaier",
"DocTrackr","Negrea","Alex","www.linkedin.com/in/alexnegrea",
"DoPay","Eersel","van Eersel","nl.linkedin.com/pub/frans-van-eersel/0/882/879",
"DoubleDub","Wegener","Jonathan","www.linkedin.com/in/jonathanwegener","Timehop (elias)"
"DoubleDub","Wong","Benny","www.linkedin.com/in/bennywong",
"Drifty","Lynch","Max","www.linkedin.com/pub/max-lynch/89/31/247",
"Drifty","Sperry","Ben","www.linkedin.com/in/bensperry",
"ecoVent","Rose","Shawn","www.linkedin.com/in/srose4","`"
"ecoVent","Kelman","Joel ""Yoel""","www.linkedin.com/in/yoelkelman",
"EdTrips","Wallendal","Laura","www.linkedin.com/in/laurawallendal",
"EdTrips","Garrow","Jacod","www.linkedin.com/pub/jakob-garrow/12/3a7/124",
"Edvisor.io","Chen","Shelley","ca.linkedin.com/in/chenshelley",
"Edvisor.io","Kor","John","ca.linkedin.com/pub/john-kor/22/a18/842",
"Email Copilot","Bsharah","Al","www.linkedin.com/in/albsharah",
"Embrace","Bohn","Bart","www.linkedin.com/in/bartbohn",
"Emergent One","Pfab","Kevin","www.linkedin.com/in/kevinpfab",
"Enertiv","Khodorkovskiy","Pavel","www.linkedin.com/pub/pavel-khodorkovskiy/2/3b0/81",
"Epic Playground","Silverman","Travis","www.linkedin.com/in/tsilverman",
"Epic Playground","Siterzewski","Michael","www.linkedin.com/in/msitarzewski",
"eRated","Artzi","Yoav","uk.linkedin.com/pub/yoav-artzi/24/93a/55",
"eRated","Benjamin","Dan","il.linkedin.com/pub/dan-benjamin/11/423/b93",
"eRated","Cohen","Boaz","il.linkedin.com/pub/boaz-cohen-hiring/26/706/364",
"EventVue","Frazer","Josh","www.linkedin.com/in/joshuafraser",
"EventVue","Johnson","Rob","www.linkedin.com/in/robnjohnson",
"Everlater","Zola","Nathaniel (Natty)","www.linkedin.com/in/nathanielzola",
"Everlater","Abbott","Nate","www.linkedin.com/pub/nate-abbott/3/986/782",
"EverTrue","Carlstrom","Eric","www.linkedin.com/in/ericcarlstrom",
"EverTrue","Grinna","Brent","www.linkedin.com/in/brentgrinna",
"EveryMove","Benaroya","Russell","www.linkedin.com/in/russellbenaroya",
"EveryMove","Calbucci","Marcelo","www.linkedin.com/in/marcelocalbucci",
"ExpenseBot","Buchholz","Ed","www.linkedin.com/in/edbuchholz",
"ExpenseBot","Siladie","John","www.linkedin.com/in/johnsiladie",
"Experiment Engine","Vo","Claire","www.linkedin.com/in/clairevo",
"Experiment Engine","Lawless","EJ","www.linkedin.com/in/ejlawless",
"Factor.io","Skierkowski","Maciej","www.linkedin.com/in/skierkowski",
"Fairwaves","Portnoy","Sergey","ru.linkedin.com/pub/sergey-portnoy/3/199/2",
"Fairwaves","Chemeris","Alexander","www.linkedin.com/in/alexanderchemeris",
"FaithStreet","Coughlin","Sean","www.linkedin.com/pub/sean-coughlin/23/5b/178",
"FaithStreet","Melogy","J.Ryan","www.linkedin.com/in/ryanmelogy",
"FaithStreet","Ericksen","Glenn","www.linkedin.com/in/gmericksen",
"Fancred","Razzaghi","Hossein Kash","www.linkedin.com/in/razzaghi",
"Fanzo","Dyksterhuis","Dana","www.linkedin.com/in/danadyksterhuis",
"Fanzo","Ingalls","Paul","www.linkedin.com/in/paulingalls",
"Fashion Metric","Linton","Diana B.","www.linkedin.com/pub/daina-burnes-linton/65/578/aa3",
"Fashion Metric","Linton","Morgan","no direct profile line","(url link) https://www.linkedin.com/profile/view?id=85600247"
"Fashion Project","Palmer","Anna","www.linkedin.com/in/annabethpalmer",
"Fetchnotes","Horak","Alex","www.linkedin.com/in/alexhorak",
"Fetchnotes","Schiff","Alex","www.linkedin.com/in/alexdschiff",
"Filament Labs","Bornhorst","Jason","www.linkedin.com/in/jbornhorst",
"Filament Labs","Anatawy","Colin","www.linkedin.com/in/colinanawaty",
"Filtrbox","Chikoore","Tom","www.linkedin.com/in/tomchikoore",
"Final","Dietich","Andrew","www.linkedin.com/in/dietrichandrew",
"Findit","Belnap","Levi","www.linkedin.com/in/levibelnap",
"FitBark","Rossi","Sara","www.linkedin.com/pub/sara-rossi/14/51a/918",
"FitBark","Rossi","Davide","www.linkedin.com/in/daviderossi",
"FitCause","n/a","n/a","n/a","no found"
"FitDeck Mobile","Lonorovitz","Joel","www.linkedin.com/pub/joel-lenorovitz/3/a84/b35",
"FlexMinder","Miceli","Will","www.linkedin.com/in/willmiceli",
"FlexMinder","Ricklefs","Lowell","www.linkedin.com/pub/lowell-ricklefs/0/4b5/194",
"Flextrip","Kremer","Alex",,"no found"
"Flinja","Bahr","Rebecca","www.linkedin.com/pub/rebecca-bahr/1/631/290",
"Flomio","Grundy","Richard","www.linkedin.com/in/richardgrundy",
"Foodzie","LaFave","Rob","www.linkedin.com/in/roblafave",
"Footmarks","Paris","Todd","www.linkedin.com/in/toddparis",
"Fortified Bicycle","Menn","Slava","www.linkedin.com/in/smenn",
"Fosbury","Tieleman","Lucas","www.linkedin.com/in/lucastieleman",
"Freak'n Genius","Kesterson","Kyle","www.linkedin.com/in/kylekesterson",
"FreeTextbooks","Robinson","Jonathan","www.linkedin.com/in/jdrobin1",
"Freight Farms","McNamara","Brad","www.linkedin.com/in/carfreebrad",
"FullContact","Lorang","Bart","www.linkedin.com/in/bartlorang",
"FullContact","Todd","Travis","www.linkedin.com/in/travistodd",
"GameWisp","Wynans","Andrew","www.linkedin.com/pub/andrew-wynans/33/3a1/395",
"Garmentory","Tetangco","Adele","ca.linkedin.com/in/adeletetangco",
"Garmentory","Gowda","Sunil","www.linkedin.com/in/sunilgowda",
"GeoPalz","O'Leary","Alexandra Zan","www.linkedin.com/in/zanoleary",
"GestSure","Strickland","Matt","ca.linkedin.com/pub/matt-strickland/58/8a0/b0",
"GestSure","Brigley","Greg","ca.linkedin.com/pub/greg-brigley/3/10a/9a1",
"Ginger.io","Singh","Karan","www.linkedin.com/in/karanvsingh",
"Ginger.io","Madan","Anmol","www.linkedin.com/in/anmolmadan",
"Given Goods Company","End","Riley","www.linkedin.com/in/rileyend",
"Given Goods Company","Houser","Cameron","www.linkedin.com/pub/cameron-houser/28/81a/b07",
"Glider","Thiele","Justin","www.linkedin.com/in/justinthiele",
"Glimr","Estrada","David",,"no linkedIn found"
"GoChime","Evarts","Austin","www.linkedin.com/in/austinevarts",
"GoChime","Falk","Brian","www.linkedin.com/pub/brian-falk/5/7a6/650",
"GoMiles","Kamaka","Marc","www.linkedin.com/in/marckamaka",
"GoMiles","Koma",,"www.linkedin.com/in/michaelkomarnitsky",
"Gone!","n/a","n/a","n/a","n/a"
"Good Audience","Gusner","Karl","www.linkedin.com/pub/karl-gusner/7/198/771",
"Good Audience","Lee","Sherman","www.linkedin.com/in/shermlee",
"GoodApril","Joseph","Benny","www.linkedin.com/in/bennyvenatjoseph",
"GoodApril","Fox","Mitchell","www.linkedin.com/in/mitchellwfox",
"Good.Co","Schofield","Kerry","uk.linkedin.com/pub/kerry-schofield/59/935/598",
"Good.Co","Balakrishnan","Subbu","www.linkedin.com/pub/subbu-balakrishnan/1/6b0/58a",
"Good.Co","Birwadker","Samar","www.linkedin.com/in/samarbirwadker",
"GoRecess","Smyth","Megan","www.linkedin.com/pub/megan-smyth/0/114/9a",
"GoRecess","Arzt","Billy","www.linkedin.com/in/billarzt",
"GoSpotCheck","Holloway","Samantha","www.linkedin.com/in/samanthabholloway",
"GoSpotCheck","Alfano","Joey","www.linkedin.com/in/josephaalfano",
"GoSpotCheck","Talbot","Matt","www.linkedin.com/in/mattltalbot",
"GrabCAD","Narusk","Indrek","ee.linkedin.com/in/indreknarusk",
"GrabCAD","Meybaum","Hardi","www.linkedin.com/pub/hardi-meybaum/6/361/9a5",
"Graphicly","Baldwin","Micah","www.linkedin.com/in/micahbaldwin",
"Grockit","Buffington","Michael","www.linkedin.com/in/michaelbuffington",
"Grove","Blanchet","Gabriel","www.linkedin.com/in/gabrielblanchet",
"GUST","Botha","Joe","uk.linkedin.com/in/bothajoe",
"Haiku Deck","Leneway","Kevin","www.linkedin.com/pub/kevin-leneway/0/695/2a",
"Haiku Deck","Kesterson","Kyle","www.linkedin.com/in/kylekesterson",
"Hammerhead","Morgan","Piet","(cant get pdf. error)",
"HaveMyShift","Janzen","Randy","www.linkedin.com/pub/randy-janzen/1/a91/151",
"Helloblock","Li","Scott","au.linkedin.com/in/scottlli",
"Help Scout","McDaniel","Jared","www.linkedin.com/pub/jared-mcdaniel/31/647/b7b",
"HermesIQ","Singh","Mark","www.linkedin.com/in/clinicore",
"Heroic.ly","n/a","n/a","n/a",
"HighFive","Pietrowski","Katie","www.linkedin.com/in/katiepietrowski",
"Highlighter","Whitehill","Nate","www.linkedin.com/in/natewhitehill",
"Hollerback","Dennis","Wills","www.linkedin.com/in/williamldennis",
"Hull","Koenig","Stefan","www.linkedin.com/in/stefankoenig",
"Hull","Bellity","Stephane","fr.linkedin.com/in/sbellity",
"Hullabalu","Xie","Suzanne","www.linkedin.com/in/suzannexie",
"Ikkos","Hutchison","Sean","www.linkedin.com/pub/sean-hutchison/40/162/ab5",
"ImpulseSave","Mileham","John","www.linkedin.com/in/jmileham",
"ImpulseSave","Fremont-Smith","Phil","www.linkedin.com/in/philfremontsmith",
"IMRSV","Sosa ","Jason","www.linkedin.com/in/jasonsosa",
"InboxFever","Thorp","Joshua","www.linkedin.com/pub/joshua-thorp/21/353/403",
"Incomparable Things Co.","Howell","Alex","www.linkedin.com/in/alejohowell",
"indico","Victoroff","Slater","www.linkedin.com/in/slatervictoroff","(error in saving pdf profile)"
"Infinit","Fradin","Baptiste","www.linkedin.com/in/bfradin",
"inRentive","Moline","Molisse","www.linkedin.com/pub/melissa-moline/8/38b/889",
"Inside Social","Stanislaw","Brewster","www.linkedin.com/pub/brewster-stanislaw/23/589/741",
"InstaGift","Schmidt","Nate","www.linkedin.com/in/n8schmidt",
"IntenseDebate","Keyet ","Isaac","se.linkedin.com/in/isaackeyet",
"InvitedHome","Smith","James",,"no found LinkedIn"
"Jebbit","Lacoste","Jonathan","www.linkedin.com/in/jonathanlacoste",
"Jintronix","Schacter","Daniel","ca.linkedin.com/pub/daniel-schacter/21/822/207",
"Jogg","Ordal","Chris","www.linkedin.com/in/ordal",
"Jukely","Cornett","Andrew","www.linkedin.com/pub/andrew-cornett/6a/318/730",
"Kapost","Akhnoukh","Nader","www.linkedin.com/in/nakhnoukh",
"Kapta","Blasko","Ben","www.linkedin.com/pub/ben-blasko/16/b56/239",
"Karma","van Wel","Steven","www.linkedin.com/in/stevenvanwel",
"Kato","Hizalev","Peter","www.linkedin.com/in/hizalev",
"KB Labs","n/a","n/a","n/a",
"Keebitz","Naigeon","Vincent","www.linkedin.com/in/vincentnaigeon",
"Keen Home","Fant ","Ryan","www.linkedin.com/in/ryanfant",
"Keen.io","Spraetz","Ryan","www.linkedin.com/in/spraetz",
"Kimetric","Muther","Alejandro","ar.linkedin.com/pub/alejandro-muther/1a/83b/801",
"Kinvey","Sridhar","Sravish","www.linkedin.com/in/sravishsridhar",
"Klooff","Chung","Jane","www.linkedin.com/pub/jane-chung/3/916/575",
"Kytelabs","Viera","Angel","pr.linkedin.com/in/aviera/en",
"LangoLab","Ermitano","Shane","www.linkedin.com/in/shaneermitano",
"Lassy Project","Guydon","John","www.linkedin.com/in/guydon",
"Laveem"," Chirravuri","Varun",,"no LinkedIn found"
"LawnStarter","Farley","Ryan","www.linkedin.com/pub/ryan-farley/31/3b2/231",
"Lean Startup Machine","Owens ","Trevor","www.linkedin.com/in/owenstrevor","alias Javelin.com"
"Leanplum","Kyurkchiev","Momchil","www.linkedin.com/in/momchilkyurkchiev",
"Lea(R)n","Rectanus","Karl","www.linkedin.com/in/krectanus",
"Libboo","Albertorio","Fernando","www.linkedin.com/in/fernandoalbertorio",
"Lifeline Response","Cahill","Peter","www.linkedin.com/pub/peter-cahill/4/425/152",
"Lingvist","Muntel","Mait","ee.linkedin.com/in/maitmuntel",
"LinkCycle","Loijos","Alex","www.linkedin.com/in/alexloijos",
"Linksy","Loving","Adam","www.linkedin.com/in/adamloving",
"LiteStack","n/a","n/a","n/a",
"Litographs","Fein","Corey","www.linkedin.com/pub/corey-fein/95/607/257",
"LiveStories","Mahmud","Adnan","www.linkedin.com/in/adnanmahmud",
"Localytics","Aggarrwal","Raj","www.linkedin.com/in/aggarwalraj",
"Localytics","Cipolla","Henry","www.linkedin.com/in/henrycipolla",
"Lore","Cohen","Joseph","www.linkedin.com/in/josephmcohen",
"Loudcaster","Casci","Brandon","www.linkedin.com/in/brandoncasci",
"Lua","Bronner","Eli","www.linkedin.com/in/elibronner",
"Lua","Krigsfeld","Jason","www.linkedin.com/in/jkrigsfeld",
"Lumatic","Kozick","Zack","www.linkedin.com/in/zachkozick",
"Lynxsy","Zheng","Susan","www.linkedin.com/in/susanzheng",
"MadKast","Moonesinghe","Johann","www.linkedin.com/in/moonesinghe",
"Magicflix","Venkitaraman","Sumathi","http://www.linkedin.com/pub/sumathi-venkitaraman/4/66a/630",
"Magnet by Headtalk Inc","Hoekje","Alexander","http://www.linkedin.com/in/alistim",
"Magnific","Dignan","Vincent","http://uk.linkedin.com/in/vincentdignan",
"Mailana","n/a","n/a","n/a","no found"
"MakersKit","McQuade","Jawn","http://www.linkedin.com/pub/jawn-mcquade/67/412/528",
"Manctl","Burrus","Nicolas","http://es.linkedin.com/in/nicolasburrus",
"Mapkin","Kinney","Alex","http://www.linkedin.com/in/alexkinney",
"Maptia","Miller","Jonny","http://ch.linkedin.com/in/jonnym1ller",
"Market IQ","Warraich","Shah","http://ca.linkedin.com/in/shahw",
"MarketVibe","Springmeyer","Parnell","http://www.linkedin.com/in/pspringmeyer",
"Marquee","Dupont","Luke","http://www.linkedin.com/in/lukedupont",
"MartMobi Technologies","Ganna","Satya Krishna","http://www.linkedin.com/in/satyaganni",
"Mathify","n/a","n/a","n/a","no found"
"Matter.io","Tao","Greg","http://www.linkedin.com/pub/greg-tao/11/832/279",
"Mavrck","Naegeli","Sean","http://www.linkedin.com/pub/greg-tao/11/832/279",
"Mavrck","Stevens","Lyle","http://www.linkedin.com/in/lylestevens",
"Meal Ticket","Konrath","Brian","http://www.linkedin.com/in/bkonrath",
"Medicast","Zebarjadi","Sam","http://www.linkedin.com/in/szebarjadi",
"Medicast","Zebarjadi","Nafis","http://www.linkedin.com/in/nafis",
"Memoir","Tobal","Brian","http://www.linkedin.com/pub/brian-tobal/11/469/a49",
"Memoir","Hoffman","Lee","http://www.linkedin.com/in/leemhoffman",
"Memoir","Kim","Angela","http://www.linkedin.com/in/angelaykim",
"Memrise","Whately","Ben","uk.linkedin.com/pub/ben-whately/24/615/137",
"MentorMob","Chinosorn","Kris","http://www.linkedin.com/in/kchinosorn",
"MentorMob","Leung","Vince","http://www.linkedin.com/in/vleung5",
"MetricsHub","Grebnov","Ilya","www.linkedin.com/in/ilyagrebnov",
"MightySignal","Wey ","Shane","www.linkedin.com/in/shanewey",
"MobilDevHQ","Sefferman","Ian","www.linkedin.com/in/iseff",
"MobIntent","n/a","n/a","n/a",
"Mocavo","Hunter","Ryan","www.linkedin.com/in/ryanhunter",
"Modabound","Garcia","Carolina","www.linkedin.com/pub/carolina-garcia/31/173/9b5",
"Modabound","Varsavsky","Alexa","www.linkedin.com/pub/alexa-varsavsky/30/508/3b1",
"modern guild","Fraise","AdriEn","www.linkedin.com/pub/adrien-fraise/3/a63/946",
"Mogotest","Menard","Kevin","www.linkedin.com/in/kmenard",
"Moni","Aderemi","Laurence","uk.linkedin.com/in/laurenceaderemi",
"Monkey Analytics","n/a","n/a","n/a",
"Mortar Data","Kam","Jeremy","ca.linkedin.com/pub/jeremy-karn/39/795/611",
"Moveline","Eidson","Kelly","www.linkedin.com/in/kellyeidson",
"Murfie","Austin","Preston","www.linkedin.com/in/prestonaustin",
"MyBetterFit","Zagorsky","Benjamin","www.linkedin.com/in/zagorsky",
"Naritiv","Posen","Eric","error pdf .                                                    ",
"Native","Haug","Lianne","www.linkedin.com/pub/lianne-haug/56/899/191",
"NBD Nano","Galvez","Miguel","www.linkedin.com/in/miguelagalvez",
"NConnex","Zhang","Haopeng","error pdf .                                                    ",
"Nestio","O'Toole","Mike","www.linkedin.com/in/mikejotoole",
"Neurala","Versace","Max",,"Cant find their pDF"
"Newsela","Cogan-Drew","Dan","www.linkedin.com/pub/dan-cogan-drew/1/941/496",
"Nexercise","Odumade","Olubunmi","www.linkedin.com/in/odumade",
"NexLP","Lieb","Jay","www.linkedin.com/in/jayleib",
"Next Big Sound","Rayami","Samir","www.linkedin.com/in/samirrayani",
"Nextly","Sultan","Ziad","www.linkedin.com/in/ziadsultan",
"NextStep.io","Schnipkoweit","John","www.linkedin.com/pub/john-schnipkoweit/a/805/4a9",
"NMRKT","Fallis","Brendan","www.linkedin.com/pub/brendan-fallis/9/917/97b",
"Notion","Margoles","Ryan","www.linkedin.com/in/ryanmargoles",
"NoviCap","Overloop","Nicholas","uk.linkedin.com/pub/nicolas-overloop/9/91b/ba6",
"Nveloped","Palekhar","Nikhil","www.linkedin.com/in/nikhilpalekar",
"Occipital","Reddy ","Vikas","www.linkedin.com/in/vikasreddy",
"OFunnel","Chappel","Van","www.linkedin.com/pub/van-chappell/1/51/a49",
"ollo wearables","Geiger","Hugh","www.linkedin.com/in/hughgeiger",
"Oneforty","Fitton","Laura","www.linkedin.com/in/pistachio",
"Onion Corporation","Mills","Sean","n/a","found no Profile at LinkedIN"
"OnSwipe","Baptiste","Jason","www.linkedin.com/in/jasonlbaptiste",
"OP3Nvoice","Rothschild","Ivo","ca.linkedin.com/pub/ivo-rothschild/3/405/8a4","alias clrify.io"
"Orbotix","Bernstein","Ian","www.linkedin.com/in/ianbernstein","alias Sphero"
"Ordr.in","Sheng","Felix","www.linkedin.com/in/felixsheng",
"Osper","Varma","Alick","uk.linkedin.com/in/alickvarma",
"Outline","Bier","Nikita","www.linkedin.com/in/nikitabier","alias Five Labs"
"Outreach","Medina ","Manuel","www.linkedin.com/in/medinism",
"Overtime Media","Yevoli","Joe","www.linkedin.com/in/joeyevoli",
"Ovuline","Nevesar","Gina","www.linkedin.com/pub/gina-nebesar/5/5a/94a",
"Owlet","Colvin","Jacob","www.linkedin.com/pub/jacob-colvin/20/a49/255",
"Package Zen","Rigo","Pere Marc","www.linkedin.com/in/pererigo",
"Pact","Oberhofer","Geoff","www.linkedin.com/pub/geoff-oberhofer/16/637/aaa",
"PanOpen","Jacobs","Brian",,"no linedin found"
"ParLevel Systems","Barroso","Rafael","www.linkedin.com/pub/rafael-barroso/20/56a/84b",
"Pathful","Lau","Boris","ca.linkedin.com/in/boriswlau",
"Pathgather","Davidson","Jamie","www.linkedin.com/pub/jamie-davidson/32/451/85a",
"Paymins","Tesar","Mike","cz.linkedin.com/in/miketesar",
"Peerby","Boezeman","Eelke","nl.linkedin.com/in/eelkeboezeman",
"People's Software Company","Mernit","Susa",,"no LinkedIn found"
"Perfect","Duan","Hudson","www.linkedin.com/in/hudsonduan",
"Pickie","Nagar","Sonia Sahney","www.linkedin.com/pub/sonia-sahney-nagar/7/482/646",
"Piictu","Slimak","Jonathan","www.linkedin.com/in/jonslimak",
"PillPack","Cohen ","Elliot","www.linkedin.com/in/emcohen",
"Pivot Freight","Bebout","Dan","www.linkedin.com/in/danbebout",
"PivotDesk","Taylor ","Kelly","www.linkedin.com/in/kellytaylor",
"Placemeter","Peyre","Florent","www.linkedin.com/in/florentpeyre",
"Placester","Townes","Frederic","www.linkedin.com/in/w3edge",
"Plated","Taranto","Nick","www.linkedin.com/in/nicktaranto",
"PlayCanvas","Eastcott","Will","uk.linkedin.com/in/willeastcott",
"PlayQ","Tevelow","Jesse","www.linkedin.com/in/jtevelow",
"Plum","Baldwin","Utz","www.linkedin.com/pub/utz-baldwin/17/18b/470",
"Poptip","Falter","Kelsey","www.linkedin.com/in/kelseyfalter",
"Postmaster","Dodson","Luke",,"No LinkedIn"
"Precog","De Goes","John","www.linkedin.com/in/jdegoes",
"Prediculous","Spielman","Howie","www.linkedin.com/in/hspielman",
"Prime","Tyler","Hayes","www.linkedin.com/in/tylerhayes",
"Prism","Tyler","Griffin","www.linkedin.com/in/jtylergriffin",
"Progress Innovation","Scholl","Mike",,"alias Usermojo, no found"
"Project Fixup","Skicewicz","Jason","www.linkedin.com/in/jasonskicewicz",
"Promoboxx","Honnoll","Sonciary","www.linkedin.com/in/sonciary",
"ProtoExchange","Placa","Jimmy","www.linkedin.com/pub/jimmy-placa/68/954/341",
"proximus","Gabaldon","Marco Doncel","es.linkedin.com/in/marcodoncel",
"Psykosoft","Gosselin","Mathieu","uk.linkedin.com/pub/mathieu-gosselin/12/591/368",
"Pubble","Woodward","Skylar","www.linkedin.com/in/skylar",
"QoL","Arkush","Bez (Bezalel)","www.linkedin.com/in/bezarkush","alias alv.io"
"Qualia","Beiser","David","www.linkedin.com/in/davidbeiser",
"QuanTemplate","Nelken","Marek","uk.linkedin.com/in/mnelken",
"Qunb","Vincey","Cyrille","fr.linkedin.com/in/cyrillevincey",
"QuotaDeck","Page","Bubba","www.linkedin.com/in/bubbapage",
"Rallyware","Elfond","George","www.linkedin.com/in/elfond",
"Ranku","Retelle","Cecila","www.linkedin.com/pub/cecilia-retelle/10/179/661",
"Rapt Media","Trautman","Erika","www.linkedin.com/pub/erika-trautman/5/578/662",
"Realty Mogul","Helman","Jilliene","www.linkedin.com/in/jillienehelman",
"Red Rover","Prentiss","Kevin","www.linkedin.com/in/kevinprentiss",
"Refresh","Grundy","Sean","www.linkedin.com/in/seangrundy",
"reKode Education","Solvadottir","Rakel","http://www.linkedin.com/in/rakelsolva","Saved profile in pdf"
"reKode Education","Fjolnisdottir","Valdis","http://is.linkedin.com/in/valdisfjolnis","Saved profile in pdf"
"Remitly","Gulati","Shivaas","http://www.linkedin.com/in/shivaas","Saved profile in pdf"
"Remitly","Oppenheimer","Matt","http://www.linkedin.com/in/mattoppenheimer","Saved profile in pdf"
"Remitly","Hug","Josh","http://www.linkedin.com/in/joshhug","Saved profile in pdf"
"RentMatch","Leptich","Bryan","http://www.linkedin.com/pub/bryan-leptich/4a/b02/a6b","Saved profile in pdf"
"RentMatch","Lee","Phillip","http://www.linkedin.com/in/philliphlee","Saved profile in pdf"
"RentMonitor","Yates","Brett","http://www.linkedin.com/in/brettyates","Saved profile in pdf"
"RentMonitor","Bennett","Deanna","http://www.linkedin.com/in/deannabennett","Saved profile in pdf"
"ReplySend","Kurian","Kerry Ivan","http://www.linkedin.com/in/kkurian","Saved profile in pdf"
"ReplySend","Kurian","Jennifer","http://www.linkedin.com/pub/jen-kurian/20/990/a35","Saved profile in pdf"
"ResolutionTube","Anand","Arnav","http://www.linkedin.com/in/arnavanand","Saved profile in pdf"
"ReTel Technologies","Rodnitzky","Adam","http://www.linkedin.com/in/adamrodnitzky","Saved profile in pdf"
"ReTel Technologies","Aspland","George","http://www.linkedin.com/in/georgeaspland","Saved profile in pdf"
"ReTel Technologies","Roberts","Scott","http://www.linkedin.com/in/scroberts","Saved profile in pdf"
"Reveal","Soman","Nick","http://www.linkedin.com/in/nicksoman","Saved profile in pdf"
"Revolv","Soucie","Mike","http://www.linkedin.com/in/msoucie","Saved profile in pdf"
"Revolv","Mathews","Jeff","http://www.linkedin.com/in/jeffmathews","Saved profile in pdf"
"Revolv","Taylor","Lee",,"No LinkedIn profile"
"Revolv","Taylor","Haley","http://www.linkedin.com/in/haleyapriltaylor","Saved profile in pdf"
"RewardsForce","Greene","Jordan","http://www.linkedin.com/in/jordanbgreene","Saved profile in pdf"
"RewardsForce","Wemple","Jeremy","http://www.linkedin.com/in/jwemple","Saved profile in pdf"
"RewardsForce","Brunsfeld","John","http://www.linkedin.com/in/jbrunsfeld","Saved profile in pdf"
"Rewind Me","Danuloff","Craig","http://www.linkedin.com/in/danuloff","Saved profile in pdf"
"Rezora","Reinarz","Paul","http://www.linkedin.com/in/reinarz","Saved profile in pdf"
"Rezora","Chastain","Rick","http://www.linkedin.com/in/rickschastain","Saved profile in pdf"
"Rezora","Russo","Mike","http://www.linkedin.com/in/mikerusso1","Saved profile in pdf"
"Rezora","Morgan","Hugh","http://www.linkedin.com/in/hughmmorgan","Saved profile in pdf"
"RightPlay","Yevoli","Joe","http://www.linkedin.com/in/joeyevoli","Saved profile in pdf"
"ringblingz","Mullen","Jeanniey","http://www.linkedin.com/in/jeanniey","Saved profile in pdf"
"ringblingz","Phelps","Bill","http://www.linkedin.com/pub/bill-phelps/3/744/205","Saved profile in pdf"
"ringblingz","Schmelzer","Rich","http://www.linkedin.com/in/richschmelzer","Saved profile in pdf"
"ringblingz","O'Leary","Alexandra Zan","http://www.linkedin.com/in/zanoleary","Saved profile in pdf"
"Rise Robotics","Acosta","Arron","http://www.linkedin.com/in/arronacosta","Saved profile in pdf"
"Rise Robotics","Sessions","Blake",,"No LinkedIn profile"
"Rival Theory","Solosky","Amanda","http://www.linkedin.com/in/amandasolosky","Saved profile in pdf"
"Rival Theory","Klein","Bill","http://www.linkedin.com/pub/bill-klein/0/144/420","Saved profile in pdf"
"RobotsLAB","Inbar","Elad","http://www.linkedin.com/in/eladinbar","Saved profile in pdf"
"RobotsLAB","Sandler","Anna","http://www.linkedin.com/in/sandleranna","Saved profile in pdf"
"RobotsLAB","Rogero","Mike","http://www.linkedin.com/in/mikerogero","Saved profile in pdf"
"ROCKI","List","Dennis","http://sg.linkedin.com/in/dennislist","Error in saving profile"
"ROCKI","Yap","Nick NM","http://www.linkedin.com/in/nmyap","Saved profile in pdf"
"RollSale","Moore","Brian","http://www.linkedin.com/pub/brian-moore/8/271/4b2","Saved profile in pdf"
"RollSale","DeGroat","Chris","http://www.linkedin.com/in/degroat","Saved profile in pdf"
"RollSale","Nichols","Mike","http://www.linkedin.com/in/roadhousemike","Saved profile in pdf"
"Romotive","Rinaudo","Keller","http://www.linkedin.com/pub/keller-rinaudo/18/8b0/19","Saved profile in pdf"
"Romotive","Nguyen","Phu","http://www.linkedin.com/in/phunguyen","Saved profile in pdf"
"Romotive","Seid","Peter","http://www.linkedin.com/in/pwseid","Saved profile in pdf"
"RoundPegg","Baumgartner","Natalie","http://www.linkedin.com/in/nataliebaumgartner","Saved profile in pdf"
"RoundPegg","Daily","Brent","http://www.linkedin.com/in/brentdaily","Saved profile in pdf"
"RoundPegg","Wolters","Tim","http://www.linkedin.com/in/timwolters","Saved profile in pdf"
"Roximity","Gayer","Austin","http://www.linkedin.com/pub/austin-gayer/1/212/1b4","Saved profile in pdf"
"Roximity","Newman","Daniel","http://www.linkedin.com/in/danielvincentnewman","Saved profile in pdf"
"Roximity","Candland","Dusty","http://www.linkedin.com/in/candland","Saved profile in pdf"
"SalesLoft","Dorr","Timothy","http://www.linkedin.com/in/timdorr","Saved profile in pdf"
"SalesLoft","Forman","Rob","http://www.linkedin.com/in/robforman","Saved profile in pdf"
"SalesLoft","Porter","Kyle","http://www.linkedin.com/in/kyleporter","Saved profile in pdf"
"Sandglaz","Aldahleh","Nada","http://ca.linkedin.com/in/naldahleh","Saved profile in pdf"
"Sandglaz","Zawaideh","Zaid","http://ca.linkedin.com/in/zzawaideh","Error in saving profile"
"ScriptPad","Davis-Mead","Liam","http://www.linkedin.com/in/ldavismead","Saved profile in pdf"
"ScriptPad","Taylor","Shane","http://www.linkedin.com/in/shanejtaylor","Saved profile in pdf"
"Search to Phone","Turco","Carmin","http://www.linkedin.com/pub/carmin-turco/3/8ba/980","Saved profile in pdf"
"SendGrid","Saldana","Isaac","http://www.linkedin.com/in/isaacsaldana","Saved profile in pdf"
"SendGrid","Jenkins","Tim","http://www.linkedin.com/pub/tim-jenkins/2/432/371","Saved profile in pdf"
"SendGrid","Lopez","Jose","http://www.linkedin.com/in/jlope001","Saved profile in pdf"
"Senexx","Michel","Zeevi","http://il.linkedin.com/in/zeevimichel","Saved profile in pdf"
"Senexx","Feldman","Vova","http://www.linkedin.com/in/vovafeldman","Saved profile in pdf"
"Sensobi","Cheung","Andrew","http://nl.linkedin.com/in/whereandy","Saved profile in pdf"
"Sensobi","Kulkarni","Ajay","http://www.linkedin.com/in/ajaykulkarni","Saved profile in pdf"
"Sewingly","James","Kelly","http://mx.linkedin.com/in/kellyfjames","Founder of 27 Perry"
"Sewingly","Bergius","Joonas","http://www.linkedin.com/in/joonasbergius","Founder of 27 Perry"
"Shareable Social","Rickstrew","Chris","http://www.linkedin.com/in/chrisrickstrew","Saved profile in pdf"
"Shareable Social","Hudson","Jeff","http://www.linkedin.com/in/jeffhhudson","Saved profile in pdf"
"Shelby.tv","Pacheco","Reece","http://www.linkedin.com/in/reecepacheco","Saved profile in pdf"
"Shelby.tv","Spinosa","Dan","http://www.linkedin.com/in/spinosa","Saved profile in pdf"
"Shippable","Cavale","Avi","http://www.linkedin.com/in/avinc","Saved profile in pdf"
"Shippable","Sahasrabudhe","Manisha","http://www.linkedin.com/in/msahasrabudhe","Saved profile in pdf"
"Shopsy","Krishnappa","Rakshith","http://www.linkedin.com/in/krisrak","Saved profile in pdf"
"Shopsy","LeSavage","Andy","http://www.linkedin.com/pub/andy-lesavage/8/416/488","Saved profile in pdf"
"Shopsy","Chugh","Kevin","http://www.linkedin.com/in/kevinchugh","Saved profile in pdf"
"Shopsy","Mu","Steve","http://www.linkedin.com/pub/steve-mu/4/405/865","Saved profile in pdf"
"Shopsy","Quinn","Chris","http://www.linkedin.com/pub/chris-quinn/35/b67/bb0","Saved profile in pdf"
"Shopsy","Mauro","Billy","http://www.linkedin.com/in/billymauro","Saved profile in pdf"
"Shopsy","Morales-Hellebo","Lisao","http://www.linkedin.com/in/lisahellebo","Saved profile in pdf"
"Shopsy","McCann-Ramsey","Laura","http://www.linkedin.com/in/lauramccannramsey","Saved profile in pdf"
"Shopventory","Saftoiu","Rares","http://www.linkedin.com/in/rsaftoiu","Saved profile in pdf"
"Shopventory","Carlson","Dave","http://www.linkedin.com/in/eonbusiness0davecarlson","Saved profile in pdf"
"Shopventory","Le","Bach","http://www.linkedin.com/in/bachmle","Saved profile in pdf"
"ShortCut","Lucas","Justin","http://www.linkedin.com/pub/justin-lucas/64/aab/779","Saved profile in pdf"
"ShortCut","Huynh","Duy",,"No LinkedIn profile"
"ShortCut","Nguyen","Binh",,"No LinkedIn profile"
"ShuttleCloud","Fernández","Eduardo","http://www.linkedin.com/in/eduardofernandezprofile","Saved profile in pdf"
"ShuttleCloud","Cabañero","Carlos",,"No LinkedIn profile"
"Sickweather","Dodge","Graham","http://www.linkedin.com/in/grahamdodge","Saved profile in pdf"
"Sickweather","Belt","Michael","http://www.linkedin.com/in/michaelwbelt","Saved profile in pdf"
"Sickweather","Sajor","James","http://www.linkedin.com/in/jamessajor","Saved profile in pdf"
"Sidelines","Assiotis","Marios","http://www.linkedin.com/in/mariosassiotis","Saved profile in pdf"
"Sidelines","Ray","Arka","http://www.linkedin.com/in/arkaray","Saved profile in pdf"
"SideTour","Mistry","Minesh","http://www.linkedin.com/in/mpmistry","Saved profile in pdf"
"SideTour","Goyal","Vipin","http://www.linkedin.com/in/vipingoyal","Saved profile in pdf"
"SideTour","Webster","Mark","http://www.linkedin.com/in/markcwebster","Saved profile in pdf"
"SideTour","Foss","Aaron","http://www.linkedin.com/in/aaronfoss","Saved profile in pdf"
"Simple Energy","Lurie","Yoav","http://www.linkedin.com/in/yoavlurie","Saved profile in pdf"
"Simple Energy","Segall","Justin","http://www.linkedin.com/in/justinsegall","Saved profile in pdf"
"SimpleRelevance","Severinghaus","Erik","http://www.linkedin.com/in/erikseveringhaus","Saved profile in pdf"
"Simply Good","Choy","Ambrose","http://ca.linkedin.com/pub/ambrose-choy/36/a44/b32","Saved profile in pdf"
"Simply Good","Mok","Winston","http://ca.linkedin.com/in/winstonmok","Saved profile in pdf"
"Simply Good","Man","David","http://ca.linkedin.com/pub/david-man/3/383/448","Saved profile in pdf"
"SketchFab","Passet","Pierre-Antoine","http://fr.linkedin.com/in/pierreantoinepasset","Saved profile in pdf"
"SketchFab","Pinson","Cedric","http://fr.linkedin.com/in/cedricpinson","Saved profile in pdf"
"SketchFab","Denoyel","Alban","http://www.linkedin.com/in/albandenoyel/en","Saved profile in pdf"
"Skilljar","Lin","Sandi","http://www.linkedin.com/in/sandislin","Saved profile in pdf"
"Skilljar","Stewart","Jason","http://www.linkedin.com/in/jasonpstewart80","Saved profile in pdf"
"SmallKnot","Lee","Jay","http://www.linkedin.com/in/hsienjaylee","Saved profile in pdf"
"Smart Host","Persico","Nick","http://www.linkedin.com/in/nickpersico","Saved profile in pdf"
"Smart Host","Redding","Dave","http://www.linkedin.com/pub/dave-redding/16/259/114","Saved profile in pdf"
"Smart Host","Hammer","Evan","http://www.linkedin.com/in/evanhammer","Saved profile in pdf"
"Smart Toy","Lee","Gavin","http://www.linkedin.com/in/gavinmlee","Smart Toy was acquired by Cartwheel Kids"
"Smart Toy","Squires","Isaac","http://www.linkedin.com/in/isaacsquires","Smart Toy was acquired by Cartwheel Kids"
"Smart Toy","Gloge","Carly","http://www.linkedin.com/in/carlygloge","Smart Toy was acquired by Cartwheel Kids"
"Smarton Learning Solutions","Dasaka","Lakshmi","http://in.linkedin.com/in/lakshmidvs","Saved profile in pdf"
"Smarton Learning Solutions","Kejriwal","Rakshit","http://www.linkedin.com/pub/rakshit-kejriwal/2/251/920","Saved profile in pdf"
"Smarton Learning Solutions","Chitta","Chaitanya","http://in.linkedin.com/in/chaitanyachitta","Saved profile in pdf"
"Smile Family","Kim","John","http://kr.linkedin.com/in/doshkim","Saved profile in pdf"
"Smile Family","Kim","Harry","http://kr.linkedin.com/in/yeusinkim","Saved profile in pdf"
"Smile Family","Jeon","Brandon","http://kr.linkedin.com/in/brandonjeon","Saved profile in pdf"
"Smore","Avidan","Gilad","http://il.linkedin.com/in/giladavidan","Saved profile in pdf"
"Smore","Atar","Shlomi","http://il.linkedin.com/in/shlomiatar","Saved profile in pdf"
"SnapEngage","Mouton","Jerome","http://www.linkedin.com/in/jeromemouton","Saved profile in pdf"
"SnapEngage","Breche","Jerome","https://www.linkedin.com/profile/view?id=8893355&authType=name&authToken=O0RD&trk=prof-sb-browse_map-name","Saved profile in pdf"
"SnowShoe","Moberg","Claus","http://www.linkedin.com/in/clausmoberg","Saved profile in pdf"
"SnowShoe","Morton","Jami","http://www.linkedin.com/pub/jami-morton/1a/b49/a02","Saved profile in pdf"
"Socedo","Badshah","Aseem","http://www.linkedin.com/in/aseemb","Saved profile in pdf"
"Socedo","Yu","Kevin","http://www.linkedin.com/in/kevincyu","Saved profile in pdf"
"SocialCrunch","McEwan","Jock","http://www.linkedin.com/in/jockmcewan","Saved profile in pdf"
"SocialCrunch","Griffiths","Alex","http://www.linkedin.com/in/al3xgriffiths","Saved profile in pdf"
"SocialEngine","Benzer","Alex","http://www.linkedin.com/in/benzer","Saved profile in pdf"
"SocialEngine","Genevier","Charlotte","http://www.linkedin.com/in/cgenevier","Saved profile in pdf"
"SocialSci","Trung","Harley","http://www.linkedin.com/in/harleyt","Saved profile in pdf"
"SocialSci","Schroll","Mike","http://www.linkedin.com/in/mikeschroll","Saved profile in pdf"
"SocialSci","Noel","Leon","http://www.linkedin.com/in/leonnoel","Saved profile in pdf"
"SocialSign.in","Perrone","Michael","http://www.linkedin.com/in/mikeperrone","Saved profile in pdf"
"SocialSign.in","Lanza","Jeff","http://www.linkedin.com/in/zjeff","Saved profile in pdf"
"Socialthing","DeWitt","Brian","http://au.linkedin.com/in/briandewitt","Saved profile in pdf"
"Socialthing","Brightwell","Ben","http://www.linkedin.com/in/benbrightwell","Saved profile in pdf"
"Socialthing","Galligan","Matt","http://www.linkedin.com/in/mattgalligan","Saved profile in pdf"
"SparkCloud","Tommarello","Nicholas","http://www.linkedin.com/pub/nicholas-tommarello/0/a8/956","Saved profile in pdf"
"Sparktrend","Hamilton","Justin","http://www.linkedin.com/in/justinha","Saved profile in pdf"
"Sparktrend","Ma","Troy","http://www.linkedin.com/in/troyma","Saved profile in pdf"
"Sparktrend","Govani","Tabreez","http://www.linkedin.com/in/tabreez","Saved profile in pdf"
"Spatch","Johnson","Ryan","http://www.linkedin.com/in/ryanallanjohnson","Saved profile in pdf"
"Spatch","Hagen","Mick","http://www.linkedin.com/in/mickhagen","Saved profile in pdf"
"Spill","Lee","Michelle","http://www.linkedin.com/in/onlinemedia","Saved profile in pdf"
"Spill","Allstop","Heidi","http://www.linkedin.com/in/heidiallstop","Saved profile in pdf"
"Spitfire Athlete","Kulkarni","Nidhi","http://www.linkedin.com/pub/nidhi-kulkarni/50/7b1/2","Saved profile in pdf"
"Spitfire Athlete","Parker","Erin","http://www.linkedin.com/in/ecparker","Saved profile in pdf"
"Spontaneously","Lazar","Spencer","https://www.linkedin.com/profile/view?id=8638432&authType=name&authToken=Bxw1&trk=prof-sb-browse_map-name","Saved profile in pdf"
"Spontaneously","Keay","David",,"No LinkedIn profile"
"Spontaneously","Keay","Joshua","http://www.linkedin.com/in/joshuakeay","Saved profile in pdf"
"Sportsy","Dalyai","Stephan","http://www.linkedin.com/pub/stephan-dalyai/34/835/158","Saved profile in pdf"
"Sportsy","Briggs","Andrew","http://www.linkedin.com/in/andrewlbriggs","Saved profile in pdf"
"Sportsy","Kifer","Amanda","http://www.linkedin.com/in/amandakifer","Saved profile in pdf"
"Sportsy","Kifer","Justin","http://www.linkedin.com/in/justinkifer","Saved profile in pdf"
"SpotRight","Grote","Richard","http://www.linkedin.com/in/richgrote","Saved profile in pdf"
"SpotRight","Messman","Ed","http://www.linkedin.com/in/emessman","Saved profile in pdf"
"Sprout Wellness Solutions","Switzer","Martha","http://ca.linkedin.com/pub/martha-switzer/25/b13/a90","Saved profile in pdf"
"Sprout Wellness Solutions","Ford","Christina","http://ca.linkedin.com/pub/christina-ford/73/938/847","Saved profile in pdf"
"Spry","Calhoun","John",,"No LinkedIn profile"
"Sqord","Wright","Jeff","http://www.linkedin.com/in/jeffwright","Saved profile in pdf"
"Sqord","Greene","Coleman","http://www.linkedin.com/in/colemangreene","Saved profile in pdf"
"Squirrel","Andjelic","Emanuel","http://uk.linkedin.com/in/emanuelandjelic","Saved profile in pdf"
"Squirrel","Qubbaj","Mutaz","http://uk.linkedin.com/in/mutazqubbaj","Saved profile in pdf"
"Stand In","Bobbitt","Kat","https://www.linkedin.com/profile/view?id=22599448&authType=name&authToken=7znQ&trk=prof-sb-browse_map-name","Saved profile in pdf"
"Stand In","Miller","Asa","http://www.linkedin.com/in/asamiller","Saved profile in pdf"
"Standard Analytics","Bogich","Tiffany","http://www.linkedin.com/pub/tiffany-bogich/1a/342/974","Saved profile in pdf"
"Standard Analytics","Ballesteros","Sebastien",,"No LinkedIn profile"
"Staq","Martinetti","Luca","http://www.linkedin.com/in/lucamartinetti","Saved profile in pdf"
"Staq","Andreasi Bassi","Massimo","http://www.linkedin.com/in/maghis","Saved profile in pdf"
"Staq","Simoneschi","Francesco","http://www.linkedin.com/in/francescosimoneschi","Saved profile in pdf"
"StarStreet","Levine","Jeremy","http://www.linkedin.com/in/jerlevine","Company alias is Draft"
"StarStreet","Giorgi","Nicolo","http://www.linkedin.com/in/nicologiorgi","Company alias is Draft"
"StatsMix","Markiewicz","Tom","http://www.linkedin.com/in/tmarkiewicz","Saved profile in pdf"
"StepOut","Owocki","Kevin","http://www.linkedin.com/in/owocki","Saved profile in pdf"
"Story To College","Barash","Carol","http://www.linkedin.com/in/carolbarash","Saved profile in pdf"
"Story To College","Tarafdar","Moshiur","http://www.linkedin.com/in/tarafdar","No option at LinkedIn to save profile"
"Storytime Studios","Johnson","Robin","http://www.linkedin.com/in/zenrobin","Saved profile in pdf"
"Streamline","Hu","Peter","http://www.linkedin.com/pub/peter-hu/35/bb6/335","Saved profile in pdf"
"Streamline","Kassenov","Yeskendir","http://www.linkedin.com/pub/yeskendir-kassenov/93/43b/353","Saved profile in pdf"
"Streamline","Lee","Joseph","http://www.linkedin.com/pub/joseph-lee/33/875/a99","Saved profile in pdf"
"Streamroot","Delmas","Axel","http://fr.linkedin.com/pub/axel-delmas/4a/aa/b43/en","Saved profile in pdf"
"Streamroot","Rodionov","Nikolay","http://www.linkedin.com/pub/nikolay-rodionov/42/397/854/en","Saved profile in pdf"
"Streamroot","Theron","Pierre-Louis","http://www.linkedin.com/pub/pierre-louis-theron/61/680/2a3/en","Saved profile in pdf"
"Strohl Medical Technologies","Keith","Heather","http://www.linkedin.com/pub/heather-keith/8/72b/a60","Saved profile in pdf"
"Styku","Sareen","Ram","http://www.linkedin.com/in/tukatech","Saved profile in pdf"
"Styku","Sareen","Raj","http://www.linkedin.com/pub/raj-sareen/b/253/50a","Saved profile in pdf"
"Sundar","Gill","Jag","http://www.linkedin.com/pub/jag-gill-cfa/56/554/57","Saved profile in pdf"
"Symptom.ly","Bereit","Derek Steve","http://www.linkedin.com/in/derekstevebereit","Saved profile in pdf"
"Synack","Kuhr","Mark","http://www.linkedin.com/pub/mark-kuhr/5b/718/b44","Saved profile in pdf"
"Synack","Kaplan","Jay","http://www.linkedin.com/pub/jay-kaplan/22/509/863","Saved profile in pdf"
"Synch","Dyer","Scott","http://www.linkedin.com/in/dyerscott","Saved profile in pdf"
"Synch","Liu","Sullivan Zelin","http://www.linkedin.com/in/sullivanliu","Saved profile in pdf"
"Talio Labs, Inc.","Timmermann","Jordan","http://www.linkedin.com/in/timmermann","Saved profile in pdf"
"Tangiblee","Kuznetsov","Yevgeniy","http://il.linkedin.com/in/yevgeniykuznetsov","Saved profile in pdf"
"Tangiblee","Inbar","Eliad","http://il.linkedin.com/in/eliadinbar","Saved profile in pdf"
"Telnyx","Reither","Ian","http://www.linkedin.com/in/ianreither","Saved profile in pdf"
"Telnyx","Casem","David","http://www.linkedin.com/in/dcasem","Saved profile in pdf"
"TempMine","Monaghan","Tom","http://www.linkedin.com/in/computertom","Saved profile in pdf"
"TempoIQ","Yagley","Michael","http://www.linkedin.com/in/myagley","Saved profile in pdf"
"TempoIQ","DeLay","Justin","http://www.linkedin.com/in/justindelay","Saved profile in pdf"
"TempoIQ","Cronk","Andrew","http://www.linkedin.com/in/andrewcronk","Saved profile in pdf"
"Tenacity","Vogel","John","http://www.linkedin.com/in/johncvogel","Saved profile in pdf"
"Tenacity","Adeyema","Hanna","http://www.linkedin.com/in/nofisat","Saved profile in pdf"
"Tenacity","Davis","Ron","http://www.linkedin.com/in/ronpdavis","Saved profile in pdf"
"Tenacity","Jeong","Yeongjoo",,
"Testive","Kazakoff","Miro","http://www.linkedin.com/in/mirokaz","Saved profile in pdf"
"Testive","Rose","Tom","http://www.linkedin.com/in/therealtomrose","Saved profile in pdf"
"Testive","Chamut","Facundo","http://www.linkedin.com/in/facundochamut","Saved profile in pdf"
"Testlio","Viidik","Kristel","http://www.linkedin.com/in/kristelviidik","Saved profile in pdf"
"Testlio","Kruustük","Marko","http://www.linkedin.com/in/markokruustuk","Saved profile in pdf"
"The Highway Girl","Murphy","Samantha","http://au.linkedin.com/in/samanthamurphy","Saved profile in pdf"
"The Shared Web","Rusan","Nicolae","http://www.linkedin.com/in/nicolaerusan","Saved profile in pdf"
"The Shared Web","Patel","Nav","http://www.linkedin.com/in/navpatel","Saved profile in pdf"
"The Shared Web","Amin","Kareem","http://www.linkedin.com/in/kareemamin","Saved profile in pdf"
"The Tap Lab","Shao","Ralph","http://www.linkedin.com/in/ralphshao","Saved profile in pdf"
"The Tap Lab","Biscegila","Dave","http://www.linkedin.com/in/davebisceglia","Saved profile in pdf"
"Thinkfuse","Krenzel","Steve","http://www.linkedin.com/in/stevekrenzel","Saved profile in pdf"
"Thinkfuse","Bloom","Brandon","http://www.linkedin.com/in/brandondbloom","Saved profile in pdf"
"ThinkNear","Hinnegan","John","http://www.linkedin.com/in/johnhinnegan","Saved profile in pdf"
"ThinkNear","Portnoy","Eli","http://www.linkedin.com/in/eliportnoy","Saved profile in pdf"
"Threat Stack","Andre","Jen","http://www.linkedin.com/in/jenniferandre","Saved profile in pdf"
"Threat Stack","Meller","Jason","http://www.linkedin.com/pub/jason-meller/30/982/44","Saved profile in pdf"
"Threat Stack","Webber","Dustin","http://www.linkedin.com/in/dustinwebber","Saved profile in pdf"
"TouchBase","Sunderaraj","Samuel","http://www.linkedin.com/in/samuelsaas","Saved profile in pdf"
"TouchBase","Khare","Santosh","http://www.linkedin.com/in/skkhare","Saved profile in pdf"
"ToVieFor","Jennings","Eric","http://www.linkedin.com/in/ericj","Saved profile in pdf"
"ToVieFor","Moore","Melanie","http://www.linkedin.com/in/melaniemmoore","Saved profile in pdf"
"TradingView","Bokov","Stan","http://www.linkedin.com/in/stanbokov","Saved profile in pdf"
"TradingView","Globa","Dennis","http://www.linkedin.com/pub/denis-globa/27/b76/b41","Saved profile in pdf"
"Tred","Wehr","John","http://www.linkedin.com/in/johnwehr","Saved profile in pdf"
"Tred","Feek","Grant","http://www.linkedin.com/in/grantfeek","Saved profile in pdf"
"TriggerMail","Mohamood","Fayez","http://www.linkedin.com/in/fayezmohamood","Saved profile in pdf"
"TriggerMail","Arram","Mahmoud","http://www.linkedin.com/in/marram","Saved profile in pdf"
"TruantToday","Bentley","Matthew","http://www.linkedin.com/in/mabentley85","Saved profile in pdf"
"TruantToday","Kukoff","Zak","http://www.linkedin.com/in/zakkukoff","Saved profile in pdf"
"TrueAbility","Owen","Luke","http://www.linkedin.com/in/luketravisowen","Saved profile in pdf"
"TrueAbility","Robertson","Marcus","http://www.linkedin.com/in/marcusgrobertson","Saved profile in pdf"
"TrueAbility","Mendler","Frederick","http://www.linkedin.com/pub/frederick-mendler/2/717/36","Saved profile in pdf"
"TrueAbility","Jones","Dusty","http://www.linkedin.com/in/dustyjones","Saved profile in pdf"
"TrueFacet","Chan","Christopher","http://www.linkedin.com/in/christopherchan007","Saved profile in pdf"
"TrueFacet","Kamdar","Tirath","http://www.linkedin.com/pub/tirath-kamdar/8/926/549","Saved profile in pdf"
"Tryum","Briscoe","Steven ","http://uk.linkedin.com/in/stevenbriscoe","Saved profile in pdf"
"Tryum","Adhia","Nikhilkumar ","http://uk.linkedin.com/in/nikhiladhia","Saved profile in pdf"
"TutorialTab","Warshauer-Baker","Gabriel","http://www.linkedin.com/in/gabewb","Saved profile in pdf"
"TutorialTab","Belote","Greg","http://www.linkedin.com/in/gregbelote","Saved profile in pdf"
"Tutum","Mayo Fernández","Fernando","http://es.linkedin.com/in/fermayo","Saved profile in pdf"
"Tutum","Burgos-Galindo","Borja","http://www.linkedin.com/in/borjaburgos","Saved profile in pdf"
"TuvaLabs","Patel","Jaimin","http://www.linkedin.com/in/jaiminpatel","Saved profile in pdf"
"TuvaLabs","Parikh","Harshil","http://www.linkedin.com/in/hsparikh","Saved profile in pdf"
"TVBeat","Farazin","Robert","http://uk.linkedin.com/pub/robert-farazin/11/975/650","Saved profile in pdf"
"TVBeat","Dragar","Bostjan","http://si.linkedin.com/pub/bo%C5%A1tjan-dragar/24/695/109","Saved profile in pdf"
"TVBeat","Karahasanovic","Alen","http://si.linkedin.com/pub/alen-karahasanovi%C4%87/37/607/351","Saved profile in pdf"
"TVBeat","Miholic","Tomaz","http://uk.linkedin.com/in/brainwithstorm","Saved profile in pdf"
"Twigtale","Southworth","Carrie","http://www.linkedin.com/pub/carrie-southworth/83/324/17b","Saved profile in pdf"
"Twigtale","Chande","Nishad","http://www.linkedin.com/pub/nishad-chande/22/3b6/488","Saved profile in pdf"
"Tyffon","Nakahashi","Teruyuki","http://jp.linkedin.com/pub/teruyuki-nakahashi/99/190/811/en","Saved profile in pdf"
"Tyffon","Fukazawa","Ken","http://www.linkedin.com/in/kenfukazawa/en","Saved profile in pdf"
"UberSense","Jardosh","Amit","http://www.linkedin.com/in/amitjardosh","Saved profile in pdf"
"UberSense","Ramchandran","Krishna","http://www.linkedin.com/in/krishnaramchandran","Saved profile in pdf"
"UBI Interactive","Chathoth","Anup","http://www.linkedin.com/in/anupchathoth","Saved profile in pdf"
"UBI Interactive","Zhang","Chao","http://de.linkedin.com/in/chaozhang","Saved profile in pdf"
"Urtak","Gibralter","Aaron","http://www.linkedin.com/in/agibralter","Saved profile in pdf"
"Urtak","Lizoain","Marc","http://br.linkedin.com/in/marclizoain","Saved profile in pdf"
"Using Miles","Paul","Krista","http://www.linkedin.com/in/kristapaul","Saved profile in pdf"
"Using Miles","Veith","Austin","http://www.linkedin.com/pub/austin-veith/36/364/231","Saved profile in pdf"
"Uvize","Sanders","James","http://www.linkedin.com/in/jamesdalesanders","Saved profile in pdf"
"Uvize","Bergstrom","Bo","http://www.linkedin.com/in/bobergstrom","Saved profile in pdf"
"Uvize","Cass","David","http://www.linkedin.com/in/davidmcass","Saved profile in pdf"
"Uvize","Parker","David","http://www.linkedin.com/in/iamdavidwparker","Saved profile in pdf"
"Vanilla Forums","Burry","Todd","http://ca.linkedin.com/in/toddburry","Saved profile in pdf"
"Vanilla Forums","O'Sullivan","Mark","http://www.linkedin.com/in/jamesmarkosullivan","Saved profile in pdf"
"VerbalizeIt","Frankel","Ryan","http://www.linkedin.com/in/ryanvfrankel","Saved profile in pdf"
"VerbalizeIt","Sarda","Kunal","http://www.linkedin.com/in/kunalsarda","Saved profile in pdf"
"Verificient Technologies","Siddharth","Rahul","http://www.linkedin.com/in/rahulsiddharth1","Saved profile in pdf"
"Verificient Technologies","Kumar","Rajnish","http://www.linkedin.com/pub/rajnish-kumar/2/248/5a4","Saved profile in pdf"
"Verificient Technologies","Dutta","Tim","https://www.linkedin.com/profile/view?id=2034892&authType=name&authToken=Ybu9&trk=prof-sb-browse_map-name","Saved profile in pdf"
"VetCloud","Djordjevic","Milan","http://rs.linkedin.com/in/miff78","Saved profile in pdf"
"VetCloud","Sejdinovic","Mirza","http://rs.linkedin.com/pub/mirza-sejdinovic/5b/265/454","Saved profile in pdf"
"VetCloud","Vesic","Ivan","http://uk.linkedin.com/pub/ivan-vesi%C4%87/57/25/2b0","Saved profile in pdf"
"Vetted","Agrawal","Priya","https://www.linkedin.com/profile/view?id=7222315&authType=name&authToken=gliT&trk=prof-sb-browse_map-name","Saved profile in pdf"
"Vetted","Lamba","Jagmeet","http://www.linkedin.com/in/jlamba","Saved profile in pdf"
"Vidmaker","Zapuchlak","Yuri","http://www.linkedin.com/in/yurizapuchlak","Saved profile in pdf"
"Vieweet","Versace","Domenic","http://uk.linkedin.com/in/domenicversace","Saved profile in pdf"
"Vieweet","Ruocco","Salvatore","http://uk.linkedin.com/pub/salvatore-ruocco/39/915/699","Saved profile in pdf"
"Vieweet","Poullier","David","http://uk.linkedin.com/pub/david-pouiller/0/222/790","Saved profile in pdf"
"Vizify","Tucker","Eli","http://www.linkedin.com/in/elitucker","Saved profile in pdf"
"Vizify","Cutler-Stamm","Jeff","http://www.linkedin.com/in/jeffcutlerstamm","Saved profile in pdf"
"Vizify","Silverstein","Todd","http://www.linkedin.com/in/toddsilverstein","Saved profile in pdf"
"Voxon","Silverman","Ken",,
"Voxon","Jackson","Alan","http://www.linkedin.com/pub/alan-jackson/43/3b4/292","Saved profile in pdf"
"Voxon","Smith","Gavin","http://au.linkedin.com/pub/gavin-smith/0/a73/4a7","Saved profile in pdf"
"Voxon","Kean","Sean","http://www.linkedin.com/in/keansean","Saved profile in pdf"
"Voxon","Tamblyn","Will","http://au.linkedin.com/in/wtamblyn","Saved profile in pdf"
"Wander","Cummings","Keenan","http://www.linkedin.com/pub/keenan-cummings/4/616/502","Saved profile in pdf"
"Wander","Fisher","Jeremy","http://www.linkedin.com/in/jeremyhfisher","Saved profile in pdf"
"Wantworthy","Wais","Josh","http://www.linkedin.com/in/joshwais","Saved profile in pdf"
"Wantworthy","McDevitt","Lauren","http://www.linkedin.com/in/laurenmcdevitt","Saved profile in pdf"
"WebCurfew","Da Silva","Rod","http://ca.linkedin.com/pub/rod-da-silva/66/864/1a9","company alias is HIPOM"
"WeDeliver","Odom","Jimmy","http://www.linkedin.com/in/jimmyjodom","Saved profile in pdf"
"WeDeliver","Bolzmann","Daniela","http://www.linkedin.com/in/dbolzmann","Saved profile in pdf"
"Weespring","Post","Melissa","http://www.linkedin.com/in/melissapennpost","Saved profile in pdf"
"Weespring","Downey","Allyson","http://www.linkedin.com/in/allysondowney","Saved profile in pdf"
"Weespring","Downey","Jack","http://www.linkedin.com/in/jackdowney","Saved profile in pdf"
"Wellhire","Konieczka","Steve","http://www.linkedin.com/in/stevekonieczka","Saved profile in pdf"
"Wellhire","Martin","Ethan","http://www.linkedin.com/in/ethanmartindenver","Saved profile in pdf"
"Wellhire","Ward","Bryan","http://www.linkedin.com/pub/bryan-ward/2/5a9/6a5","Saved profile in pdf"
"Wellhire","Scordo","Christopher","http://www.linkedin.com/in/scordo","Saved profile in pdf"
"Which Ventures","Kallenberg","Arron","http://www.linkedin.com/in/arronkallenberg","Villij was acquired by Which Ventures, Inc.; Only info for Villij was found; No option in LinkedIn for saving profile"
"Which Ventures","Cutri","Saro","http://www.linkedin.com/pub/saro-cutri/2a/844/857","Villij was acquired by Which Ventures, Inc.; Saved profile in pdf"
"Which Ventures","Morelli","Robert","http://www.linkedin.com/in/robmorelli","Villij was acquired by Which Ventures, Inc.; Saved profile in pdf"
"WOO","Koenig","Leo","http://www.linkedin.com/in/leokoenig","Saved profile in pdf"
"WOO","Zeilstra","Ytzen","http://www.linkedin.com/in/ytzenzeilstra","Saved profile in pdf"
"WOO","Hujol","Johnny","http://www.linkedin.com/in/johnnyhujol","Saved profile in pdf"
"WorkMob","Sornson","Matt","http://www.linkedin.com/in/mattsornson","Saved profile in pdf"
"WorkMob","Sonne","Jeromy","http://www.linkedin.com/in/jeromysonne","Saved profile in pdf"
"World Blender","Huang","Jeff","http://www.linkedin.com/pub/jeff-huang/3/592/831","Saved profile in pdf"
"World Blender","Schlichting","Peter","http://www.linkedin.com/in/peteone","Saved profile in pdf"
"Wunder","Riess","Dave","http://www.linkedin.com/in/davidriess","Saved profile in pdf"
"Wunder","Beaudin","Sam","http://www.linkedin.com/in/sambeaudin","Saved profile in pdf"
"Wunder","Birsic","Bryan","http://www.linkedin.com/in/bryanbirsic","Saved profile in pdf"
"Wymsee","Impey","Jeff","http://www.linkedin.com/pub/jeff-impey/24/b99/670","Saved profile in pdf"
"Wymsee","LoVerde","Alex","http://www.linkedin.com/pub/alexander-loverde/26/111/790","Saved profile in pdf"
"Wymsee","Beaulieu-Jones","Brett","http://www.linkedin.com/pub/brett-beaulieu-jones/17/84/290","Saved profile in pdf"
"Wymsee","Stefanis","Dan","http://www.linkedin.com/in/danstefanis","Saved profile in pdf"
"Yosko","Otin","Javier","http://www.linkedin.com/in/javierotin","Saved profile in pdf"
"Yosko","Nikolova","Andriana",,
"Zagster","Meinzer","Jason","http://www.linkedin.com/in/jasonmeinzer","Saved profile in pdf"
"Zagster","Ericson","Timothy","http://www.linkedin.com/in/tjericson","Saved profile in pdf"
"Ziptask","Livermore","Shawn","http://www.linkedin.com/in/shawnlivermore","Saved profile in pdf"
"Ziptask","Sherwood","Jeff","http://www.linkedin.com/in/sherwoodjeff","Saved profile in pdf"
"Zzish","Wiles","Charles","http://uk.linkedin.com/in/charleswiles","Saved profile in pdf"
