"Name","Last Name","First Name","LinkedIn Profile","Remarks"
"Abacus","Halickman","Joshua","www.linkedin.com/pub/joshua-halickman/3/54b/8b9",
"Abacus","Qari","Omar","www.linkedin.com/in/oqari",
"Abacus","Power","Ted","www.linkedin.com/in/tedpower",
"AirHelp","Zillmer","Henrik","http://www.linkedin.com/in/zillmer",
"AirHelp","Michaelsen","Nicolas","http://dk.linkedin.com/in/nicolasbranasmichaelsen",
"AirHelp","Roodt","Greg","https://www.linkedin.com/in/groodt",
"AirPair","Kresner","Jonathon","www.linkedin.com/in/jonathonkresner",
"Algolia","Lemoine","Julien","www.linkedin.com/in/julienlemoine",
"Algolia","Dessaigne","Nicholas","www.linkedin.com/in/nicolasdessaigne",
"Ambition","Houghton","Jared","www.linkedin.com/in/jaredshoughton",
"AptDeco","Dennis","Kalam","www.linkedin.com/pub/kalam-dennis/20/a71/641",
"Beacon","Sanders ","Adrian","www.linkedin.com/in/sandersak",
"Bellabeat","Sršen","Urška","si.linkedin.com/in/urskasrsen",
"Boostable","Atli","Selcuk","www.linkedin.com/in/selcukatli",
"Cambly","Law","Kevin","www.linkedin.com/pub/kevin-law/25/265/4b5",
"Camperoo","Chang ","Emmie","www.linkedin.com/in/emmie",
"CareMessage","Rivera","Manuel","www.linkedin.com/in/manuelriveravega",
"CodeCombat","Erickson","Scott","www.linkedin.com/pub/scott-erickson/19/2a0/65b",
"CodeNow","Seashore ","Ryan","www.linkedin.com/in/seashore",
"Eventjoy","White ","Karl","www.linkedin.com/in/karlwhite1",
"Framed Data","Block","Elliot","www.linkedin.com/pub/elliot-block/4/49a/105",
"Framed Data","Nguyen","Thomson","www.linkedin.com/in/randomforest",
"Gbatteries","Sherstyuk","Tim","www.linkedin.com/pub/tim-sherstyuk/40/a65/903",
"Gobble","Garg","Oshma","www.linkedin.com/in/ooshma",
"HoverChat","Galal","Ahmed","eg.linkedin.com/pub/ahmed-galal/24/7/a10",
"Immunity Project","Rubamen M.D","Reid","www.linkedin.com/in/reidrubsamenmd",
"Kimono","Ranade","Pratap","www.linkedin.com/pub/pratap-ranade/9/282/727",
"Kimono","Rowe","Ryan","www.linkedin.com/pub/ryan-rowe/7/810/408",
"MadeSolid","Pickens","Lance","www.linkedin.com/pub/lance-pickens/7/285/993",
"MadeSolid","Rorex","David","www.linkedin.com/in/davidrorex",
"MadeSolid","Matinez","Brian","www.linkedin.com/in/bcmartinez",
"Memebox","Hyungseok","Dino Ha","www.linkedin.com/pub/hyungseok-dino-ha/21/792/325",
"Minuum","Walmsley","Will","ca.linkedin.com/pub/will-walmsley/9/a7/268",
"Minuum","Snelgrove","Xavier","ca.linkedin.com/pub/xavier-snelgrove/36/2a0/89a",
"Minuum","Smith","Severin","ca.linkedin.com/in/severinsmith",
"Move Loot","Bobbit","Bill","www.linkedin.com/pub/bill-bobbitt/42/652/27",
"Move Loot","Morrill","Jenny Karin","www.linkedin.com/in/jennymorrill",
"Move Loot","Shah","Shruti","www.linkedin.com/in/shrutishah1",
"Next Caller","Martire","Gianni","www.linkedin.com/in/martire",
"Next Caller","Roncoroni","Ian","www.linkedin.com/pub/ian-roncoroni/24/69/833",
"Noora Health","Elliott ","Edith","www.linkedin.com/pub/edith-elliott/37/b7a/633",
"Noora Health","Ashe","Katy","www.linkedin.com/in/katyashe",
"Noora Health","Liu","Jessie","www.linkedin.com/in/jessieliuu",
"Noora Health","Alam","Shahed","www.linkedin.com/pub/shahed-alam/93/928/b6",
"One Degree","Faustino ","Rey","www.linkedin.com/in/reyfaustino",
"Orankl","Batalha","Joao","www.linkedin.com/pub/joao-batalha/2a/354/48",
"Piinpoint","Robeson","Jim","ca.linkedin.com/in/jimrobeson",
"Povio","Petek","Matevz","www.linkedin.com/pub/matevz-petek/1a/29a/65b",
"Povio","Zorec","Jernej","si.linkedin.com/in/jernejz",
"Povio","Kralj","Samo","si.linkedin.com/pub/samo-kralj/64/6b1/276",
"Pushbullet","Hesse","Christopher","www.linkedin.com/pub/christopher-hesse/9/a24/861",
"Pushbullet","Von Houck","Andre","www.linkedin.com/in/andrevonhouck",
"Pushbullet","Oldenburg","Ryan","www.linkedin.com/pub/ryan-oldenburg/94/616/706",
"Rickshaw","Gautam","Jayaraman","www.linkedin.com/in/gautamj",
"Rickshaw","Bhat","Divya","www.linkedin.com/in/divyab",
"Rocketrip","Ruch","Dan","www.linkedin.com/in/danruch",
"Rocketrip","Tee","Gillian","www.linkedin.com/in/gilliantee",
"Sendwithus","Van Vugt","Brad","ca.linkedin.com/in/bradvanvugt",
"Shoobs","Broni-Mensah","Louise","uk.linkedin.com/in/louisebronimensah",
"SketchDeck","Finneral","Christopher","www.linkedin.com/in/christopherfinneral",
"SketchDeck","Mack","David","uk.linkedin.com/pub/david-mack/47/18a/250",
"StackLead","Wintrob","Gordon","www.linkedin.com/in/gwintrob","Listed on the site as Founder/co-founder. I think that site is not updated."
"Style Lend","Duncan","Lona Alia","www.linkedin.com/in/lonaaliaduncan",
"Superhost","Soto","Korby","il.linkedin.com/in/kobysoto",
"Superhost","Soto","Amiad","www.linkedin.com/pub/amiad-soto/8b/7b0/987",
"Taplytics","Norris ","Andrew","www.linkedin.com/in/andrewsnorris",
"Taplytics","Glazer","Aaron","www.linkedin.com/in/aaronglazer",
"TerrAvion","Morris","Robert","www.linkedin.com/in/robertaldenmorris",
"The Dating Ring","Kay","Lauren","www.linkedin.com/pub/lauren-kay/13/777/392",
"Threadable","Muszalski","Aaron","www.linkedin.com/in/aaronmuszalski",
"Threadable","Aptekar","Nicole","www.linkedin.com/in/nicoletbn",
"TradeBlock","Schvey","Greg","www.linkedin.com/in/gschvey","listing on LinkedIn as ""Digital currency data and analysis"" but on my source He is the one of the founder http://leaprate.com/2014/07/tradeblock-raises-2-8-million-in-venture-capital-as-bitcoins-future-keeps-getting-brighter/"
"TrueVault","Wang","Jason","www.linkedin.com/in/jasonwang",
"Two Tap","Spineanu","Radu","www.linkedin.com/in/sradu",
"Two Tap","ROMAN","Razvan","www.linkedin.com/in/razvanr",
"Unbabel","Pessanha","Sofia","www.linkedin.com/in/sofiapessanha",
"Unbabel","Pedro","Vasco","www.linkedin.com/in/vascopedro",
"Unbabel","Graca","Joao","pt.linkedin.com/pub/joão-graça/1/453/544",
"Unbabel","Silva ","Bruno Prezado","pt.linkedin.com/pub/bruno-prezado-silva/8/a02/b26",
"Vidpresso","Bennett","Randall","www.linkedin.com/in/randallbennett",
"Weave","Rodman","Brandon","www.linkedin.com/in/brandonrodman",
"Wit.ai","Blandin","Willy","www.linkedin.com/in/willyblandin",
"Wit.ai","Lebrun","Alex","www.linkedin.com/in/alexandrelebrun",
"Wit.ai","Landowski","Laurent","www.linkedin.com/in/laurentlandowski",
"Zesty","Hollindale","Chris","www.linkedin.com/in/hollindale",
"Zesty","Langer","David","www.linkedin.com/in/davidlanger",
"Zidisha","Kurnia","Julia","www.linkedin.com/pub/julia-kurnia/26/4b/95a",
"Zinc","Feigelson","Doug","www.linkedin.com/pub/doug-feigelson/25/718/953",
"ZowPow","Lu","Jennifer","www.linkedin.com/in/jennlu",
"ZowPow","Krejcarek","Brian","www.linkedin.com/in/briankrejcarek",
42,"Han","Cathy","www.linkedin.com/in/cathyhan",
42,"Porter ","Nick","www.linkedin.com/in/nicolasporter",
"Amulyte","Haldenby","Perry","ca.linkedin.com/in/perryhaldenby",
"Apptimize","Hua","Nancy","www.linkedin.com/in/nancyhua",
"Apptimize","Orlow","Jeremy","www.linkedin.com/in/jeremyorlow",
"Asseta","Pease","Jonathan","www.linkedin.com/pub/jonathan-pease/56/354/b72",
"Asseta","Brevde","Anton","www.linkedin.com/pub/anton-brevde/14/658/3b4",
"Bloomthat","Bladow","David","www.linkedin.com/pub/david-bladow/35/92b/3b0",
"Bloomthat","Schwab","Matthew","www.linkedin.com/in/matthewlschwab",
"Bloomthat","Powell","Chad","www.linkedin.com/in/chadlpowell",
"Buttercoin","Dahl","Cedric","www.linkedin.com/in/cedricdahl",
"Buttercoin","Hoffman","C. Bennett","www.linkedin.com/in/bennhoffman",
"Casetext","Heller","Jake","www.linkedin.com/in/jakeheller",
"CoreOS","Philips","Brandon","www.linkedin.com/in/brandonphilips",
"Crowdery","Viswanathan","Aditya","www.linkedin.com/in/adityaviswanathan",
"DataRank","Frazier","Ryan","www.linkedin.com/in/ryanlf",
"DataRank","Cason","Kenny","www.linkedin.com/pub/kenny-cason/9/754/543",
"DoorDash","Xu","Tony","www.linkedin.com/in/xutony",
"DoorDash","Fang ","Andy","www.linkedin.com/pub/andy-fang/30/2b8/530",
"DoorDash","Tang","Stanley","www.linkedin.com/in/stanleytang",
"EasyPost","Streebin","Jarrett","www.linkedin.com/in/jstreebin",
"Estimote","Krzych","Jakub","pl.linkedin.com/in/krzych",
"Estimote","Kostka","Lukasz","pl.linkedin.com/in/lukaszkostka",
"FanHero","n/a","n/a","n/a","No found. and Website is Blank. Deleted maybe."
"Floobits","Greer","Geoff","www.linkedin.com/in/geoffgreer",
"Floobits","Kaniaris","Matt","www.linkedin.com/pub/matt-kaniaris/31/52a/791",
"Glio","Riccio","Roberto","br.linkedin.com/in/rriccio",
"Glio","Joao","de Paula","br.linkedin.com/in/joaopdepaula/en",
"GoComm","Stanley","Ben","www.linkedin.com/in/benjaminstanley","Cant find founder for this, but Ben Stanley as COO"
"Graft Concepts","Wen ","Danny","www.linkedin.com/in/dannytwen",
"Graft Concepts","Ko","Anthony","www.linkedin.com/in/koanthony",
"Hackermeter","Baker","Lucas","ch.linkedin.com/in/bakerl",
"Hum","n/a","n/a","n/a","No found for these site. and site are not available."
"ixi-play","Dirkx","Bart","nl.linkedin.com/pub/bart-dirkx/0/825/819",
"Kivo","Anthias","Leo","www.linkedin.com/pub/leo-anthias/27/668/916",
"Kivo","Holland","Zeffi Hennessy","uk.linkedin.com/pub/zefi-hennessy-holland/11/a6b/b8a",
"Le Tote","Tondon","Rakesh","www.linkedin.com/pub/rakesh-tondon/1/4b9/252",
"Le Tote","Northart","Brett","www.linkedin.com/in/brettnorthart",
"Lob","Chao","Grayson","www.linkedin.com/in/graysonchao",
"Lob","Gartner","Marcus","www.linkedin.com/in/marcusgartner",
"LocalOn","Imran","Shahbano","www.linkedin.com/in/shahbano",
"LocalOn","Tolioupov","David","www.linkedin.com/in/tolioupov",
"Lumoid","Ramamurthy","Aarthi","www.linkedin.com/in/aarthir",
"Meta Space Glasses","Gribetz","Meron","www.linkedin.com/pub/meron-gribetz/3/667/25b",
"Meta Space Glasses","Sand ","Ben","www.linkedin.com/in/bensandcastle",
"Meta Space Glasses","Lo","Raymond","www.linkedin.com/pub/raymond-lo/92/52a/588",
"One Month Rails","Griffel","Mattan","www.linkedin.com/in/mattangriffel",
"OrbsCCG","Pickhardt","Jeff","www.linkedin.com/in/pickhardt","I found no founder of Orbs CCG but Jeff Pickard Produce Orbs CCG"
"Panorama Education","Feuer","Aaron","www.linkedin.com/in/aaronfeuer",
"Panorama Education","Tanner","Xan","www.linkedin.com/pub/xan-tanner/52/314/864",
"Prim","n/a","n/a","n/a",
"RealCrowd","Hooper","Adam","www.linkedin.com/pub/adam-hooper-ccim/10/b85/81",
"RealCrowd","Rosario","Roman","www.linkedin.com/pub/roman-rosario/7/6a4/914",
"Reebee","Dankiewicz","Tobiasz","ca.linkedin.com/pub/tobiasz-dankiewicz/43/a39/108",
"Regalii","De La Cruz","Edrizio","www.linkedin.com/pub/edrizio-de-la-cruz/5/ab7/2b8",
"Regalii","Belausteguigoitia","Inigo","www.linkedin.com/in/inigorumayor/en",
"Senic","Eichenwald","Tobias","www.linkedin.com/pub/tobias-eichenwald/2a/890/86a",
"SimpleLegal","Outericky","Patrik","www.linkedin.com/in/dashboard",
"SimpleLegal","Wenzel","Nathan","www.linkedin.com/in/hyperion",
"SoundFocus","Srinivasan","Varun","www.linkedin.com/in/varunsrinivasan",
"SoundFocus","Selig","Alex","www.linkedin.com/in/aselig",
"SpoonRocket","Hsiao","Steven","www.linkedin.com/pub/steven-hsiao/3a/50b/7b0",
"Standard Treasury","Kimerling","Daniel","www.linkedin.com/in/dkimerling",
"Standard Treasury","Townsend","Zachary","www.linkedin.com/in/zactownsend",
"StatusPage","Klein","Scott","www.linkedin.com/in/sbklein",
"Teleborder","Richards","James","www.linkedin.com/in/jpr2120",
"Toutpost","Morse","Alex","www.linkedin.com/pub/alex-morse/55/565/20",
"True Link Financial","McDonell","Clair","www.linkedin.com/in/clairemcdonnell",
"URX","Milinovich","John","www.linkedin.com/in/jmilinovich",
"URX","Look","Andrew","www.linkedin.com/pub/andrew-look/12/976/4a6",
"Watchsend","Shah","Zain","www.linkedin.com/in/za1nsh4h",
"Watchsend","Gulrajani","Ishaan","www.linkedin.com/in/igul222",
"Webflow","Magdalin","Vlad","www.linkedin.com/in/vladmagdalin",
"Webflow","Chou","Bryant","www.linkedin.com/pub/bryant-chou/5/9/4b4",
"Webflow","Magdalin","Sergie","www.linkedin.com/pub/sergie-magdalin/10/996/883",
"Weilos","Wu ","Ray","www.linkedin.com/in/rayhwu",
"7 Cups of Tea","Moriarty","Glen","www.linkedin.com/pub/glen-moriarty/3/587/997",
"Airware","Downey","Jonathan","www.linkedin.com/in/jbdowney83",
"Airware","Michini","Buddy","www.linkedin.com/in/buddymichini",
"Beatdeck","Peck","Aaron","www.linkedin.com/in/aaronlinked",
"Bitnami","Lopez Ridruejo ","Daniel","www.linkedin.com/pub/daniel-lopez-ridruejo/0/120/993",
"Bitnami","Brescia","Erica","www.linkedin.com/in/ebrescia",
"BuildZoom","Naghshineh Wei","Jiyan","www.linkedin.com/in/jiyanwei",
"CircuitLab","Evans","Humberto","www.linkedin.com/pub/humberto-evans/6/2a6/1aa",
"CircuitLab","Robbins","Mike","www.linkedin.com/pub/mike-robbins/a/536/531",
"CrowdMed","Heyman","Jared","www.linkedin.com/in/jaredheyman",
"Errplane","Persen","Todd","www.linkedin.com/in/toddpersen",
"Errplane","Dix","Paul","www.linkedin.com/in/pauldix",
"Fivetran","Brown ","Taylor","www.linkedin.com/pub/taylor-brown/42/259/130",
"FlightCar","Petrovic","Kevin","www.linkedin.com/in/kevinpetrovic",
"FlightCar","Zaparde","Rujul","www.linkedin.com/in/rujulz",
"Goldbely","Ariel","Joe","www.linkedin.com/in/joeariel",
"Heap Analytics","Parikh","Ravi","www.linkedin.com/in/raviparikh2",
"Lawdingo","Nirmel","Nikhil","www.linkedin.com/in/nikhilnirmel",
"Lollipuff","n/a","n/a","n/a","No found LinkedIn profile"
"Medisas","Sivakumar","Gautam","www.linkedin.com/in/gautamsivakumar",
"Meldium","Vaynshtok","Anton","www.linkedin.com/in/avaynshtok",
"Meldium","Jabes","Boris","www.linkedin.com/in/borisjabes",
"Microryza","Luan ","Denny","www.linkedin.com/pub/denny-luan/26/9b7/818",
"Microryza","Wu ","Cindy","www.linkedin.com/in/cindytwu",
"Myo","Lake","Stephen","ca.linkedin.com/in/slake",
"Myo","Bailey","Matthew","ca.linkedin.com/in/matthewlbailey",
"Padlet","Goel","Nitesh","www.linkedin.com/in/coffeebite",
"PayTango","Patel","Umang","www.linkedin.com/in/umangp90",
"Posmetrics","Lutsky","Merrill","www.linkedin.com/pub/merrill-lutsky/55/5a2/9b",
"Posmetrics","Schluntz","Erik","www.linkedin.com/pub/erik-schluntz/53/a90/530",
"Prizeo","Baum","Bryan","www.linkedin.com/pub/bryan-baum/6/259/959",
"Prizeo","Pancik","Andrej","uk.linkedin.com/in/apancik",
"Screenhero","Kapur","Vishal","www.linkedin.com/in/vishalkapur4",
"Screenhero","DiCioccio","Jason","www.linkedin.com/in/jdicioccio",
"Screenhero","Khan","Faraz","www.linkedin.com/pub/faraz-khan/1/272/90",
"Semantics3","Chandrasekhar","Govind","www.linkedin.com/in/govindchandrasekhar",
"Semantics3","Gopinathan","Vinoth","www.linkedin.com/in/vinothgopi",
"SimplyInsured","Shah","Vivek","www.linkedin.com/in/vivekajayshah",
"Strikingly","Guo","Dafeng","cn.linkedin.com/in/dfguo",
"Strikingly","Chen","David Haisha","www.linkedin.com/in/haishachen",
"Strikingly","Bao","Teng","www.linkedin.com/in/tengbao",
"StyleUp","Herbst","Kendall","www.linkedin.com/pub/kendall-herbst/5/b91/264",
"Svbtle","Curstis","Dustin","n/a","no found Dustin Curtis on LinkedIn"
"SwapBox","Shantharam","Nitin","www.linkedin.com/in/atomicunit",
"SwapBox","Murthy","Neel","www.linkedin.com/pub/neel-murthy/1a/bb7/189",
"Swish","Chronis","Iolanthe","www.linkedin.com/in/lanthe",
"Teespring","Williams","Walker","www.linkedin.com/in/wiwillia",
"Teespring","Stites-Clayton","Evan","www.linkedin.com/pub/evan-stites-clayton/73/616/657",
"Terascore","Moldovanyi","Balazs","hu.linkedin.com/pub/balazs-moldovanyi/a/92a/42",
"Watsi","Adam ","Chase","www.linkedin.com/pub/chase-adam/97/161/521",
"WeFunder","Belote","Greg","www.linkedin.com/in/gregbelote",
"WeFunder","Norman","Mike","www.linkedin.com/in/mikejnorman",
"Wevorce","Crosby","Michelle","www.linkedin.com/pub/michelle-crosby/6/8a/935",
"Zaranga","Chakravartty","Amitav","www.linkedin.com/in/amitavchakravartty",
"Zaranga","Bardalaye","Anirban","www.linkedin.com/in/abardalaye",
"Zenefits","Conrad","Parker","www.linkedin.com/in/parkerconrad",
"Airbrite","n/a","n/a","n/a","I have no founders found for this."
"Amicus","Bannon ","Seth","www.linkedin.com/in/sethbannon",
"Authy","Palacio","Daniel","www.linkedin.com/in/danielpalacio",
"BigCalc","Shah","Rikin","uk.linkedin.com/in/rik1shah",
"BoostedBoards","Dastoor","Sanjay","www.linkedin.com/pub/sanjay-dastoor/b/494/237",
"BoostedBoards","Ulmen","John","www.linkedin.com/pub/john-ulmen/56/b84/464",
"BoostedBoards","Tran","Matthew","www.linkedin.com/pub/matthew-tran/18/59a/121",
"BufferBox","McCauley","Mike","www.linkedin.com/in/mccauleymike",
"Canopy Labs","Gryc","Wojcjech","ca.linkedin.com/in/wojciechgryc",
"Canopy Labs","Escobedo","Jorge","ca.linkedin.com/pub/jorge-escobedo/35/227/b83",
"Circular","n/a","n/a","n/a","Page not load, cant pull out any info from any sites"
"Clever","Bosmeny","Tyler","www.linkedin.com/in/tylerbosmeny",
"Clever","Carroll","Dan","www.linkedin.com/in/danielcarroll",
"Clever","Garcia ","Rafael","www.linkedin.com/in/rfgarcia",
"Coco Controller","Zwick","Connor","n/a","says he is the founder, but on LinkedIn he is not associate in coco controller anymore."
"Coinbase","Armstrong","Brian","www.linkedin.com/in/barmstrong",
"Coinbase","Ehrsam","Fred","www.linkedin.com/in/fredehrsam",
"Collections","n/a","n/a","n/a","no found for this site, and site not loading"
"DataNitro","Jakubiuk","Victor","www.linkedin.com/pub/victor-jakubiuk/25/445/2b3",
"Diaspora","n/a","n/a","n/a","Sites or company are closed, on my research."
"Double Robotics","DeVidts","Marc","www.linkedin.com/in/marcdevidts",
"Dreamforge","Dalal","Nemil","www.linkedin.com/in/nemild",
"Easel","Ogle","Ben","www.linkedin.com/in/benogle",
"Eligible","Gleason","Katelyn","www.linkedin.com/in/katelyngleason",
"Everyday.me","Lin","Yu-Kuan","www.linkedin.com/in/yukuan","says on the this link https://www.linkedin.com/groups/Our-interview-YuKuan-Lin-CoFounder-995887.S.205834588 that he is the co founder of Everyday.me but on his profile at LinkedIn he is the Co-founder at Noodle Labs"
"Filepicker.io","Dass","Anand","www.linkedin.com/in/ananddass",
"FlightFox","Sullivan","Todd","au.linkedin.com/in/todsul",
"FlightFox","Mcleod","Lauren","au.linkedin.com/in/laurenmcleod",
"Fullstack Academy","Maru","Nimit","www.linkedin.com/in/nimit",
"Fullstack Academy","Yand ","David","www.linkedin.com/in/davidgyang",
"FundersClub","Mittal","Alexander","www.linkedin.com/in/alexandermittal",
"FundersClub","Silver","Boris","www.linkedin.com/in/borismsilver",
"GetGoing","Vernitsky","Alek","www.linkedin.com/in/alekvernitsky",
"Grid","Nelwan","Ryan","www.linkedin.com/pub/ryan-nelwan/1b/5aa/425",
"HD Trade Services","Sperling-Horowitz","Daniel","www.linkedin.com/in/dwshorowitz",
"Healthy Labs","n/a","n/a","n/a","Website are not loading no founder or co-founder found on LinkedIn"
"HiMom","Jura ","Markus","de.linkedin.com/pub/markus-jura/45/509/151/en",
"HipType","Levy","James","www.linkedin.com/pub/james-alexander-levy/29/258/7a7",
"Hubchilla","n/a","n/a","n/a","Website not found."
"imgfave","Ragland ","Gabe","www.linkedin.com/in/gaberagland",
"Instacart","Mullen","Max","www.linkedin.com/in/maxmullen",
"Instacart","Mehta","Apoorva","www.linkedin.com/in/apoorvamehta",
"Kamcord","Wang ","Kevin","www.linkedin.com/in/kevinywang",
"Kamcord","Rathnam","Aditya","www.linkedin.com/in/adityarathnam",
"Kamcord","Zitzmann","Matt","www.linkedin.com/in/mattzitzmann",
"Keychain Logistics","Wilson","Garrett","www.linkedin.com/pub/garrett-wilson/12/5a6/b9",
"Keychain Logistics","Beshore","Bryan","www.linkedin.com/pub/bryan-beshore/12/434/7b2",
"Kippt","Lallo","Jori","www.linkedin.com/pub/jori-lallo/5/bb7/280",
"Kippt","Saarinen","Karri","www.linkedin.com/in/karrisaarinen",
"Knowmia","n/a","n/a","n/a","Found no Founder/co founder for this Company"
"LeanMarket","Owens","Trevor","www.linkedin.com/in/owenstrevor",
"LightTable","Attorri","Robert","www.linkedin.com/pub/robert-attorri/49/977/733","a.ka. Kodowa Inc"
"LightTable","Granger","Chris","www.linkedin.com/pub/chris-granger/a/22/211",
"Markupwand","Mahendran","Surrendan ","in.linkedin.com/in/surendranm",
"MicroEval","Park ","Ernie","www.linkedin.com/in/ernestipark","He is no longer associate with MicroEvel, Site is closed."
"Mth Sense","Agte","Mandar","www.linkedin.com/pub/mandar-agte/1/b55/608",
"MyVR","Murray","Jonathan","www.linkedin.com/in/jonmurray",
"MyVR","Stachowiak","Mike","www.linkedin.com/in/mstachowiak",
"MyVR","Nordvik","Markus","www.linkedin.com/in/mnordvik",
"Newsblur","n/a","n/a","n/a","Samuel Clay said the founder for Newsblur but no found on LinkedIn"
"Parallel Universe","Pressler","Dafna","www.linkedin.com/pub/dafna-pressler/35/400/6a3",
"Perfect Audience","Flora","Brad","www.linkedin.com/in/bradflora",
"Plivo","Ricordeau","Michael","www.linkedin.com/in/michaelricordeau/en",
"Profig","Katragadda","Vamsi","www.linkedin.com/pub/vamsi-katragadda/2/b47/277",
"QuicklyChat","n/a","n/a","n/a","no Found for their Profile at LinkedIn"
"ReelSurfer","Joglekar","Neil","www.linkedin.com/in/neiljoglekar",
"Refer.ly","Morrill","Danielle","www.linkedin.com/in/daniellemorrill",
"RegistryLove","Chen","Marika","ca.linkedin.com/pub/marika-chen/40/953/ab6",
"Rent.io","Liang ","Ning","www.linkedin.com/in/ningliang",
"Scoutzie","Zubovsky","Kirill","www.linkedin.com/in/kirillzubovsky",
"SmartAsset","Carvin","Michael","www.linkedin.com/pub/michael-carvin/2a/569/531",
"SmartAsset","Camilleri","Philip","www.linkedin.com/in/philipcamilleri",
"SpinPunch","Maas","Dan","www.linkedin.com/pub/dan-maas/45/2a0/66b",
"SpinPunch","Tien","Ian","www.linkedin.com/in/iantien",
"Sponsorfied","Cunningham","Baldwin","www.linkedin.com/pub/baldwin-cunningham/26/1b9/54",
"Statwing","Laughlin","Greg","www.linkedin.com/in/greglaughlin",
"StudyEdge","Ethan ","Fieldman","www.linkedin.com/in/ethanfieldman",
"Submittable","Brownell","John","www.linkedin.com/pub/john-brownell/1a/469/b1b",
"Submittable","FitzGerald","Michael","www.linkedin.com/in/radiantdays",
"Survata","Warner","James W.","www.linkedin.com/in/jwwarner",
"TapIn","n/a","n/a","n/a","Website is not loading, on my source no current founders/co-founder"
"Tastemaker","Fraiman","Joe","www.linkedin.com/pub/joe-fraiman/20/28a/756",
"Tastemaker","Larson","Kyle","www.linkedin.com/pub/kyle-larson/0/417/328",
"TomoGuides","Low","Montana","www.linkedin.com/in/montanalow",
"Tracks.by","n/a","n/a","n/a","Webiste no longer active, Founder not found"
"Vastrm","Tang","Jonathan","www.linkedin.com/in/jonathantang",
"Vayable","Wong","Jamie","www.linkedin.com/in/jamiejwong",
"ViaCycle","Intlekofer","Koji","www.linkedin.com/in/kojiintlekofer",
"Virool","Debelov","Alexander","www.linkedin.com/in/techentrepreneur1",
"VoiceGem","Blessing","Alexander","www.linkedin.com/pub/alexander-blessing/26/4a2/824",
"Zapier","Foster","Wade","www.linkedin.com/in/wadefoster",
"Zapier","Helmig","Bryan","www.linkedin.com/in/bryanhelmig",
"Zapier","Knoop","Mike","www.linkedin.com/in/mikeknoop",
"9GAG","Chan ","Ryan","hk.linkedin.com/in/raychan",
"9GAG","Chan ","Chan","hk.linkedin.com/in/chrischancc",
"9GAG","Fung","Marco","hk.linkedin.com/in/marco0119",
"9GAG","Yu","Brian","hk.linkedin.com/in/barelyanything",
"Anyperk","Fukuyama","Taro","www.linkedin.com/in/tarof",
"Anyperk","Tsang ","Sunny","www.linkedin.com/in/sunnyxtsang",
"AnyVivo","Andon","Alexander","www.linkedin.com/in/alexandon",
"Ark","Riley","Patrick","www.linkedin.com/in/patrickfriley",
"Carsabi","Crow","Dwight","www.linkedin.com/pub/dwight-crow/21/226/731",
"chute","Gujral","Ranvir","www.linkedin.com/in/ranvir",
"chute","Narain","Gregarious","www.linkedin.com/in/gregarious",
"Coderwall","Deiters","Matthew","www.linkedin.com/in/matthewdeiters","Assembly made the CODERWALL"
"Crowdtilt","Beshara","James","www.linkedin.com/in/jamesbeshara",
"Dealupa","Boyapati","Vijay","www.linkedin.com/pub/vijay-boyapati/40/361/b91",
"Embark","Leighton","Ian","https://www.linkedin.com/profile/view?id=31169381&authType=NAME_SEARCH&authToken=WRJo&locale=en_US&trk=tyah&trkInfo=tarId%3A1417832287865%2Ctas%3AIan%20Leighton%2Cidx%3A1-1-1","No Profile link . So i get the URL link for his profile"
"EveryArt","n/a","n/a","n/a","Website under Construction. and no profile found at LinkedIN"
"Exec","Ghazvinian","Amir","www.linkedin.com/pub/amir-ghazvinian/86/143/286",
"Exec","Kan","Daniel","www.linkedin.com/in/danielkan",
"FamilyLeaf","Zhao","Wesley","www.linkedin.com/in/wesleyzhao",
"FamilyLeaf","Mehta","Ajay","www.linkedin.com/in/ajayumehta",
"FarmLogs","Vollmar","Jesse","www.linkedin.com/in/vollmarj",
"FarmLogs","Koch","Brad","www.linkedin.com/pub/brad-koch/40/825/54",
"Flutter","Dalal","Navneet","www.linkedin.com/in/ndalal",
"Flypad","n/n","n/n","n/a","no found for this, search on Crunchbase and angellist. nothing found"
"Givespark","Rosenblatt","Samuel","www.linkedin.com/pub/samuel-rosenblatt/4b/46/92a",
"Grouper","Waxman","Michael","www.linkedin.com/in/michaelewaxman",
"HackPad","Kofman","Igor","www.linkedin.com/pub/igor-kofman/b/ba0/bb1",
"HackPad","Graveley","Alex","www.linkedin.com/in/alexgraveley",
"HireArt","Sedlet","Nick","www.linkedin.com/pub/nick-sedlet/36/454/a1a",
"iCracked","Martin","Anthony","www.linkedin.com/in/anthonyjohnmartin",
"iCracked","Forsythe","AJ","www.linkedin.com/in/ajforsythe",
"Kyte","Drashkov","Martin","ca.linkedin.com/in/martindrashkov",
"LVL6","Kamath","Ashwin","www.linkedin.com/in/akamath32",
"MakeGamesWithUs","Rossmann","Jeremy","www.linkedin.com/pub/jeremy-rossmann/30/91/5b1",
"MakeGamesWithUs","Desai","Ashu","www.linkedin.com/in/desaiashu",
"MatterPort","Brown","Bill","www.linkedin.com/in/billjbrown",
"Medigram","Larkin ","Eric","www.linkedin.com/in/elarkin",
"Midnox","Karpenko","Alex","www.linkedin.com/in/alexka","Midnox is now LUMA"
"MineFold","n/a","n/a","n/a","On my source at Coderwall, founder of Minefold Chris Llyod was the founder, but I have no found linkedIn for this name"
"Pair","Kevin ","Martin","N/a","no found linkedIn for this Name"
"Per Vices","n/a","n/a","n/a","I have no found for this."
"PlanGrid","Gootee","Ralph","www.linkedin.com/in/ralphleon",
"PlanGrid","Stone","Kenny","www.linkedin.com/pub/kenny-stone/a/9a4/a23",
"PopSet","Bos","Nicholas","de.linkedin.com/in/nicolasboes/en",
"Priceonomics","Dhar","Robin","www.linkedin.com/in/rohindhar",
"ScreenLeap","Truong","Tuyen","www.linkedin.com/in/tuyentruong",
"ScreenLeap","Gentilello","Lawrence","www.linkedin.com/in/gentilello",
"SendHub","Johnson","Garrett","www.linkedin.com/pub/garrett-johnson/3b/6a7/100",
"SendHub","Rust","Ash","www.linkedin.com/in/ashrust",
"SendHub","Fallone","John","www.linkedin.com/pub/john-fallone/43/85b/475",
"SendHub","Pfeffer","Ryan","www.linkedin.com/in/ryanpfeffer",
"Shoptiques","Simpson","Arianna","www.linkedin.com/pub/arianna-simpson/38/3aa/316",
"Shoptiques","Vidisheva","Olga","www.linkedin.com/pub/olga-vidisheva/3/836/56a",
"SocialCam","Seibel","Michael","www.linkedin.com/in/mwseibel",
"SocialCam","Bartram","Ammon","www.linkedin.com/pub/ammon-bartram/12/a67/2aa",
"Sonalight","Liu","Custis","www.linkedin.com/in/curtisliu",
"Sonalight","Skates","Spencer","www.linkedin.com/in/spenserskates",
"Swiftype","n/a","n/a","n/a","I found their name but cant find LinkedIn profile, Matt Riley, Quinlan Hoxie"
"theDailyMuse","Minshew","Kathryn","www.linkedin.com/pub/kathryn-minshew/b/86b/2b1",
"theDailyMuse","Cavoulacos","Alexandra","www.linkedin.com/in/acavoulacos",
"TiKL","n/a","n/a","n/a","web given us directed to FB account."
"Your Mechanic","Agrawal","Abhas Art","www.linkedin.com/in/artagrawal",
"Your Mechanic","Liao","Dongyi","www.linkedin.com/pub/dongyi-liao/21/b23/937",
"ZenPayroll","Kim","Edward","www.linkedin.com/in/edawerd",
"ZenPayroll","London","Tomer","www.linkedin.com/in/tomerlondon",
"ZenPayroll","Reeves","Joshua","www.linkedin.com/in/joshuareeves",
"Zillabyte","Huffstetler","Roger Dean","www.linkedin.com/in/rdhjr",
"99dresses","Durkin","Nikki","au.linkedin.com/in/nikkidurkin",
"42floors","Nix","Darren","www.linkedin.com/in/darrensnix",
"AgileDiagnosis","Ericson ","Kurt","www.linkedin.com/in/krericson",
"AgileDiagnosis","Safabakhsh","Borna","www.linkedin.com/in/bornas",
"Aisle50","Scott","Riley","www.linkedin.com/in/scottrig",
"Aisle50","Steiner","Christopher","www.linkedin.com/pub/christopher-steiner/7/407/581",
"B2Brev","n/a","n/a","n/a","No Found profile on LinkedIn"
"Can'tWait","n/a","n/a","n/a","Website not avaible, no website found, No Found profile on LinkedIn"
"Citus Data","Cubukcu","Umur","www.linkedin.com/in/umurc",
"Citus Data","Erdogan","Ozgun","www.linkedin.com/in/ozgune",
"Citus Data","Pathak","Sumedh","www.linkedin.com/pub/sumedh-pathak/0/a7a/ab9",
"Codecademy","Bubinski","Ryan","www.linkedin.com/in/ryanbubinski",
"DebtEye","n/a","n/a","n/a","No found for Mookie Lee profile on LinkedIn"
"DoubleRecall","Krulec","Rok","www.linkedin.com/in/rokkrulec",
"DoubleRecall","Robernik","Miha","www.linkedin.com/in/miharebernik",
"EveryMe","Preuss","Mike","www.linkedin.com/in/michaelpreuss","Says on my sourch, CrunchBase He was the founder"
"Firebase","Tamplin","James","www.linkedin.com/in/jamest",
"FreshPlum","Odio","Sam","www.linkedin.com/in/samodio",
"Glassmap","Chang ","Jono","www.linkedin.com/in/jonochang",
"GoCardless","Takeuchi","Hiroki","uk.linkedin.com/pub/hiroki-takeuchi/3/872/882",
"Habit Labs","Benson","Buster","www.linkedin.com/in/busterbenson",
"Interstate","Cooper","Greg","www.linkedin.com/in/gregcooper","Saw his linkedprofile nothing says he is or was a founder/co founder for Interstate"
"InterviewStreet","Ravisankar","Vivek","www.linkedin.com/in/vivekravisankar",
"InterviewStreet","Harishankaran","K","in.linkedin.com/in/sp2hari",
"Kicksend","Elankumaran","Pradeep","www.linkedin.com/in/pradeepelankumaran",
"Kicksend","Lim","Brendan","www.linkedin.com/in/brendanlim",
"Kicksend","Ko","Derrick","www.linkedin.com/in/derrickk",
"Launchpad Toys","Russell","Andy","www.linkedin.com/in/aar366",
"Leaky","Traff","Jason","www.linkedin.com/in/jasontraff",
"Leaky","Sumter","Geoffry","www.linkedin.com/pub/geoffry-sumter/81/16/893",
"MarketBrief","Zucchetto","Jason","www.linkedin.com/pub/jason-zucchetto/2/988/aa9",
"Meteor","n/a","n/a","n/a","No found for founder co founder for this account."
"MixRank","Lichtenstein","Ilya","www.linkedin.com/in/ilyal",
"MixRank","Milliken","Scott","www.linkedin.com/in/scottamilliken",
"MobileWorks","n/a","n/a","n/a","I have no found for this.."
"MongoHQ","Mackey","Kurt","www.linkedin.com/in/mrkurt",
"Munch On Me","Zhang ","Andy","www.linkedin.com/in/andyczhang",
"Opez","n/a","n/a","n/a","I have no found for this"
"PageLever","Owen","Sheldon","www.linkedin.com/in/sheldonowen",
"Paperlinks","Chan ","Hamilton","www.linkedin.com/pub/hamilton-chan/0/649/ba6",
"Parse","Bernstam","Tikhon","www.linkedin.com/pub/tikhon-bernstam/1/a19/940",
"Parse","Yu","James","www.linkedin.com/in/jamesyu",
"PicPlum","Dodeja","Akshay","www.linkedin.com/in/dodeja",
"PicPlum","Stamatiou","Paul","www.linkedin.com/in/pauls",
"Proxino","Fast ","Ethan","www.linkedin.com/pub/ethan-fast/13/a60/8b6",
"Quartzy","Kulkarni","Jayant","www.linkedin.com/in/jayantekulkarni",
"Quartzy","Regelmann","Adam","www.linkedin.com/pub/adam-regelmann/7/9a6/718",
"Rentobo","Shkolnik","James D","www.linkedin.com/in/jshkol",
"Rentobo","Davis","Shaun","www.linkedin.com/pub/shaun-davis/28/12b/927",
"Science Exchange","Iorns","Elizabeth","www.linkedin.com/in/elizabethiorns",
"Science Exchange","Knox","Dan","www.linkedin.com/in/djkn0x",
"Segment","Reinhardt","Peter","www.linkedin.com/in/peterreinhardt",
"SellStage","Escourrou","Thomas","www.linkedin.com/pub/thomas-escourrou/0/93a/776",
"SellStage","Saffell","Tom","www.linkedin.com/pub/tom-saffell/2/551/54b",
"Siasto","Pantucci","Nic","www.linkedin.com/in/niccolopantucci",
"Sift Science","Tan","Jason","www.linkedin.com/in/jasontan325",
"Sift Science","Sadaghiani","Fred","www.linkedin.com/in/fredsadaghiani",
"Snapjoy","Ren","JP","www.linkedin.com/in/jpren",
"Streak.com","n/a","n/a","n/a","No found"
"Stypi","Milligan","Byron","www.linkedin.com/pub/byron-milligan/29/7b1/814",
"Tagstand","n/a","n/a","n/a","No Found"
"TapEngage","Lynch","Sean","www.linkedin.com/in/seanplynch",
"Verbling","Jolis","Jake","www.linkedin.com/in/jakejolis",
"Verbling","Bernstein","Mikael","www.linkedin.com/pub/mikael-bernstein/24/456/533",
"Vidyard","Litt","Michael","ca.linkedin.com/in/michaellitt",
"Vidyard","Galloway","Devon","ca.linkedin.com/in/devongalloway",
"Vimessa","n/a","n/a","n/a",
"Yardsale","Mickle","Ryan","www.linkedin.com/in/mickle",
"Zenbox","Grove","Sean","www.linkedin.com/pub/sean-grove/8/32/407",
"Zigfu","Zippel","Shlomo","www.linkedin.com/pub/shlomo-zippel/1/297/51a",
"Acunote","Arshinov","Gleb","www.linkedin.com/pub/gleb-arshinov/2/920/548",
"AppHarbor","Sørensen","Rune","www.linkedin.com/in/runesoerensen",
"Beetailer","Lopez Ridruejo","Daniel","www.linkedin.com/pub/daniel-lopez-ridruejo/0/120/993",
"Bridge","Lutkajtis","Paul","au.linkedin.com/in/paullutkajtis",
"Chirply","Palrecha","Gagan","www.linkedin.com/in/gaganpalrecha",
"Circle","Reas ","Evan","www.linkedin.com/pub/evan-reas/4/588/954",
"Comprehend Systems","Morrison","Rick","www.linkedin.com/in/rickmorrison",
"Curebit","Grant","Allan","http://www.linkedin.com/in/allangrant","Company alias is Talkable; Saved profile in pdf"
"Curebit","Coryell","Dominic","http://www.linkedin.com/in/dominiccoryell","Company alias is Talkable; Saved profile in pdf"
"Curebit","Yoshida","Nori","http://www.linkedin.com/in/noriyoshida","Company alias is Talkable; Saved profile in pdf"
"Curebit","Yee","Jeff","http://www.linkedin.com/in/jeffsyee","Company alias is Talkable; Saved profile in pdf"
"Custora","Pierson","Corey","http://www.linkedin.com/in/coreypierson","Saved profile in pdf"
"Custora","Pospischil","Jon","http://www.linkedin.com/pub/jon-pospischil/2/771/476","Saved profile in pdf"
"Dr Chrono","Nusimow","Michael","http://www.linkedin.com/in/mnusimow","Saved profile in pdf"
"Dr Chrono","Kivatinos","Daniel","http://www.linkedin.com/in/kivatinos","Saved profile in pdf"
"Earbits","Flores","Joey","http://www.linkedin.com/in/joeyjflores","Saved profile in pdf"
"Earbits","Rosenbaum","Yotam","http://www.linkedin.com/pub/yotam-rosenbaum/8/308/651","Saved profile in pdf"
"FitFu","Arnold","Jof","http://uk.linkedin.com/in/jofarnold","Fitfu has been closed; Saved profile in pdf"
"FitFu","Gillam","Benjie","http://uk.linkedin.com/in/benjiegillam","Fitfu has been closed; Saved profile in pdf"
"Five Stars","Ho","Victor","http://www.linkedin.com/pub/victor-ho/11/572/472","Saved profile in pdf"
"Five Stars","Doka","Matt","http://www.linkedin.com/pub/matt-doka/7/19/792","Saved profile in pdf"
"Giftrocket","Baum","Nicolas","http://www.linkedin.com/in/nicolasbaum","Saved profile in pdf"
"Giftrocket","Pines","Jonathan","http://www.linkedin.com/in/jpines","Saved profile in pdf"
"Giftrocket","Kale","Kapil","http://www.linkedin.com/in/kapilvkale","Saved profile in pdf"
"Grove","Culver","Leah","http://www.linkedin.com/in/leahculver","Convore is reborn as Grove.io; Saved profile in pdf"
"GrubWithUs","Sugano","Daishin","http://www.linkedin.com/pub/daishin-sugano/1/ba2/6b","Company is now known as Superb; Saved profile in pdf"
"GrubWithUs","Lu","Eddy","http://www.linkedin.com/in/eddylu","Company is now known as Superb; Saved profile in pdf"
"HelloFax","Walla","Joseph","http://www.linkedin.com/pub/joseph-walla/4/61/739","Saved profile in pdf"
"HelloFax","O'Mara","Neal","http://www.linkedin.com/in/nealomara","Saved profile in pdf"
"Hype","Deutsch","Jonathan","http://www.linkedin.com/pub/jonathan-deutsch/2/977/a88","Tumult Inc. released Hype; Saved profile in pdf"
"Hype","Nielsen","Ryan","http://www.linkedin.com/in/rpnielsen","Tumult Inc. released Hype; Saved profile in pdf"
"Hyperink","Gao","Kevin","http://www.linkedin.com/in/kevingao1","Saved profile in pdf"
"Hyperink","Lee","Matt","http://www.linkedin.com/in/mattjlee","Saved profile in pdf"
"Kaleidoscope",,,,"Not found"
"Lanyrd","Downe","Natalie","http://uk.linkedin.com/in/nataliedowne","Saved profile in pdf"
"Lanyrd","Willison","Simon","http://www.linkedin.com/in/simonwillison","Saved profile in pdf"
"Like.fm","Chen","Chris","http://www.linkedin.com/pub/chris-chen/24/821/78","Saved profile in pdf"
"MailGun","Wakefield","Taylor","http://www.linkedin.com/in/taylorwakefield","Saved profile in pdf"
"MailGun","Kontsevoy","Ev","http://www.linkedin.com/in/kontsevoy","Saved profile in pdf"
"Meetings.io","Naylor","Arend","http://www.linkedin.com/in/arendn","Meetings.io is the first product of Bitplay; Saved profile in pdf"
"Meetings.io","Mars","Denis","https://www.linkedin.com/profile/view?id=18447749&authType=name&authToken=WJKp&trk=prof-sb-browse_map-name","Meetings.io is the first product of Bitplay; Saved profile in pdf; Could not get direct link to his profile"
"MemSQL","Prout","Adam","http://www.linkedin.com/pub/adam-prout/30/476/b3","Saved profile in pdf"
"MemSQL","Shamgunov","Nikita","http://www.linkedin.com/in/nikitashamgunov","Saved profile in pdf"
"MemSQL","Frenkiel","Eric","http://www.linkedin.com/in/ericfrenkiel","Saved profile in pdf"
"MinoMonsters","Murphy","TJ","http://www.linkedin.com/in/tjmurphy","Saved profile in pdf"
"MinoMonsters","Buckley","Josh","http://www.linkedin.com/pub/josh-buckley/4/228/761","Saved profile in pdf"
"Moki.TV","Huang","Matt",,"No LikedIn profile"
"Noteleaf","Chung","Wil","http://www.linkedin.com/in/iamwilhelm","Saved profile in pdf"
"NowJS","Shankar","Darshan","http://www.linkedin.com/in/darshanshankar","NowJS is a product of Flotype; Saved profile in pdf"
"OrderAhead","Byun","Jeffrey","http://www.linkedin.com/in/jeffbyun","Saved profile in pdf"
"OrderAhead","Lee","Henry","http://www.linkedin.com/pub/henry-a-lee/26/220/131","Saved profile in pdf"
"Pebble Technology","Migicovsky","Eric","http://www.linkedin.com/in/ericmigi","Saved profile in pdf"
"Sendoid","Morris","Zac",,"No LikedIn profile"
"Sendoid","Egan","John","http://uk.linkedin.com/in/john3gan","Saved profile in pdf"
"SwipeGood","Steinacher","Thomas",,"No LikedIn profile"
"SwipeGood","Efti","Steli","http://www.linkedin.com/in/steliefti","Saved profile in pdf"
"SwipeGood","Nemitz","Anthony","http://www.linkedin.com/in/anthonynemitz","Saved profile in pdf"
"TalkBin","Ma","Michael","http://www.linkedin.com/in/michaelma8","Saved profile in pdf"
"TalkBin","Younis","Qasar","http://www.linkedin.com/in/qasar","Saved profile in pdf"
"Taskforce","Pantucci","Niccolo","http://www.linkedin.com/in/niccolopantucci","Saved profile in pdf"
"Taskforce","Allen","Courtland","http://www.linkedin.com/in/courtlandallen","Saved profile in pdf"
"Taskforce","Tarbzouni","Abdulrahman","http://ae.linkedin.com/in/aitmit","Saved profile in pdf"
"Taskforce","Al-Mohssen","Husain",,"No LikedIn profile"
"TellFi","Lee","Conor","http://www.linkedin.com/in/conorlee","Saved profile in pdf"
"TellFi","Corwin","Jason","http://www.linkedin.com/in/jsoncorwin","Saved profile in pdf"
"TellFi","Memon","Zain","http://www.linkedin.com/in/zainm","Saved profile in pdf"
"TrustEgg","Zdanowski","John","http://www.linkedin.com/in/johnzdanowski","Saved profile in pdf"
"TrustEgg","Brice","Jeffrey","http://www.linkedin.com/in/jeffreybrice","Saved profile in pdf"
"Tutorspree","Harris","Aaron","http://www.linkedin.com/pub/aaron-harris/1b/813/276","Saved profile in pdf"
"Tutorspree","Bednar","Ryan","http://www.linkedin.com/pub/ryan-bednar/3/85/952","Saved profile in pdf"
"Tutorspree","Abrams","Josh","http://www.linkedin.com/pub/josh-abrams/78/6bb/911","Saved profile in pdf"
"Upverter","Woodworth","Michael","http://ca.linkedin.com/in/michaelwoodworth1","Saved profile in pdf"
"Upverter","Hamer","Stephen","http://ca.linkedin.com/in/stephenhamer","Saved profile in pdf"
"Upverter","Homuth","Zak","http://ca.linkedin.com/in/zakhomuth","Saved profile in pdf"
"WhereBerry","Baum","Nick","http://www.linkedin.com/in/nickbaum","Company alias is StoryWorth; Saved profile in pdf"
"YouGotListings","Chen","Gordon","http://www.linkedin.com/in/mrgordonchen","Saved profile in pdf"
"ZeroCater","Sabeti","Arram","http://www.linkedin.com/pub/arram-sabeti/14/203/102","Saved profile in pdf"
"AdGrok","Zymnis","Argyris","http://www.linkedin.com/in/azymnis","Saved profile in pdf"
"AdGrok","Garcia-Martinez","Antonio","http://www.linkedin.com/in/antongm","Saved profile in pdf"
"AdGrok","McEachen","Matthew","http://www.linkedin.com/in/matthewmceachen","Saved profile in pdf"
"AeroFS","Sagalov","Yuri","http://www.linkedin.com/in/yurisagalov","Saved profile in pdf"
"AeroFS","Wang","Weihan","http://www.linkedin.com/in/weihan","Saved profile in pdf"
"AnyLeaf","Hunter","Jeff","http://www.linkedin.com/in/jeffrhunter","Saved profile in pdf"
"Brushes",,,,"Not found"
"Chart.io","Levine","Daniel","http://www.linkedin.com/in/danielmarklevine","Saved profile in pdf"
"Chart.io","Fowler","Dave","http://www.linkedin.com/pub/dave-fowler/9/a16/482","Saved profile in pdf"
"Crowdbooster","Yean","Ricky","http://www.linkedin.com/in/rickyyean","Saved profile in pdf"
"Crowdbooster","Linsey","Mark","http://www.linkedin.com/pub/mark-linsey/3/b77/a38","Saved profile in pdf"
"Crowdbooster","Tran","David","http://www.linkedin.com/in/davetran","Saved profile in pdf"
"Dotcloud","Hykes","Solomon","http://www.linkedin.com/in/solomonhykes","Saved profile in pdf"
"E la Carte","Suri","Rajat","http://www.linkedin.com/in/rajatsuri","Saved profile in pdf"
"E la Carte","Ngaruiya","Ernest Gichini","http://www.linkedin.com/pub/gichini-ernest-ngaruiya/a/205/b27","Saved profile in pdf"
"FanPulse","Greenberg","Ann","http://www.linkedin.com/in/anngreenberg","Saved profile in pdf"
"FutureAdvisor","McFarland","Jared","http://www.linkedin.com/in/jaredmcfarland","Saved profile in pdf"
"FutureAdvisor","Lu","Bo","http://www.linkedin.com/pub/bo-lu/0/461/439","Saved profile in pdf"
"FutureAdvisor","Law","Clyde","http://www.linkedin.com/in/clydelaw","Saved profile in pdf"
"FutureAdvisor","Xu","Jon","http://www.linkedin.com/pub/jon-xu/3/803/5a2","Saved profile in pdf"
"Gantto","Barbagli","Federico","http://www.linkedin.com/pub/federico-barbagli/4/b0/533","Saved profile in pdf"
"Gantto","Carlson","Chris","http://www.linkedin.com/in/crcarlson","Saved profile in pdf"
"GazeHawk","Krausz","Brian","http://www.linkedin.com/in/bkrausz","Saved profile in pdf"
"GazeHawk","Gershenson","Joe","http://www.linkedin.com/in/jgershen","Saved profile in pdf"
"GinzaMetrics","Grieselhuber","Ray","http://www.linkedin.com/in/rgrieselhuber","Saved profile in pdf"
"Hacker School","Albert","David","http://www.linkedin.com/in/drdavealbert","Saved profile in pdf"
"Hacker School","Bergson-Shilcock","Nicholas","http://www.linkedin.com/in/nicholasbs","Saved profile in pdf"
"Hacker School","Sridhar","Sonali","http://www.linkedin.com/in/jollysonali","Saved profile in pdf"
"Hipmunk","Huffman","Steve","http://www.linkedin.com/in/shuffman56","Saved profile in pdf"
"Hipmunk","Goldstein","Adam","http://www.linkedin.com/pub/adam-goldstein/22/bbb/510","Saved profile in pdf"
"I Move You","McCabe","Jen","http://www.linkedin.com/in/jensmccabe","Saved profile in pdf"
"Indinero","Barrica","Andrea","http://www.linkedin.com/in/abarrica","Saved profile in pdf"
"Indinero","Su","Andy","http://www.linkedin.com/in/sudizhe","Saved profile in pdf"
"Koduco","Beilin","Jonathan","http://www.linkedin.com/in/jonbeilin","Saved profile in pdf"
"Leftronic","Del Solar","Cesar","http://www.linkedin.com/pub/cesar-del-solar/47/676/1ab","Saved profile in pdf"
"Leftronic","Ghanta","Rajiv","http://www.linkedin.com/in/rajivghanta","Saved profile in pdf"
"Leftronic","Vasudeo","Jyotindra","http://www.linkedin.com/in/jvasudeo","Saved profile in pdf"
"Leftronic","Jingles","Lionel","http://www.linkedin.com/in/lioneljingles","Saved profile in pdf"
"MessageParty","Gavris","Jason",,"No LinkedIn profile"
"MessageParty","Ahrens","Sean","http://www.linkedin.com/in/seanahrens","Saved profile in pdf"
"MessageParty","Peyton","Amanda","http://www.linkedin.com/in/amandapey","Saved profile in pdf"
"OhLife","Gupta","Shawn",,"No LinkedIn profile"
"Opzi","Ho","Ambert","http://www.linkedin.com/pub/ambert-ho/13/232/1b9","Saved profile in pdf"
"Opzi","Poon","Euwyn","http://ca.linkedin.com/in/euwyn","Saved profile in pdf"
"PagerDuty","Puvanathasan","Baskar","http://www.linkedin.com/in/baskarfx","Saved profile in pdf"
"PagerDuty","Miklas","Andrew","http://www.linkedin.com/in/amiklas","Saved profile in pdf"
"PagerDuty","Solomon","Alex","http://www.linkedin.com/in/alexsolo","Saved profile in pdf"
"Rapportive","Stokes","Sam","http://www.linkedin.com/in/samstokesuk","Saved profile in pdf"
"Rapportive","Kleppmann","Martin","http://uk.linkedin.com/in/martinkleppmann","Saved profile in pdf"
"ReadyForZero","Thayer","Ignacio","http://www.linkedin.com/in/ignaciothayer","Saved profile in pdf"
"ReadyForZero","Ebrahimi","Rod","http://www.linkedin.com/in/rodebrahimi","Saved profile in pdf"
"Simperium","Johnston","Michael","http://www.linkedin.com/pub/michael-johnston/2/116/477","Saved profile in pdf"
"Simperium","Cheng","Fred","http://www.linkedin.com/pub/fred-cheng/54/b75/955","Saved profile in pdf"
"Simperium","Johnston","Mike","http://ca.linkedin.com/in/cmscritic","Saved profile in pdf"
"Stripe","Collison","Patrick","http://www.linkedin.com/pub/patrick-collison/61/685/9b2","Saved profile in pdf"
"Stripe","Collison","John","http://www.linkedin.com/in/johnbcollison","Saved profile in pdf"
"Tapzilla",,,,"Not found"
"Teevox","Sugaya","Andrew","http://www.linkedin.com/pub/andrew-sugaya/19/b6b/405","Saved profile in pdf; There is no mention of Teevox in his profile though"
"Teevox","Kim","Jong-Moon","http://www.linkedin.com/pub/jong-moon-kim/11/ba3/571","Saved profile in pdf; There is no mention of Teevox in his profile though"
"The Fridge","Chung","Alex",,"No LinkedIn profile"
"Whereoscope","Johnson","Mick","http://www.linkedin.com/in/mickdudleyjohnson","Saved profile in pdf"
"Whereoscope","Gregory","James","http://www.linkedin.com/in/jgregory","Saved profile in pdf"
"Workflowy","Patel","Jesse","http://www.linkedin.com/pub/jesse-patel/0/b67/783","Saved profile in pdf"
"Workflowy","Turitzin","Mike","http://www.linkedin.com/pub/michael-turitzin/8/592/b00","Saved profile in pdf"
"1000Memories","Huneycutt","Brett","http://www.linkedin.com/in/bretthuneycutt","Saved profile in pdf"
"1000Memories","Good","Jonathan","http://nz.linkedin.com/in/jonathanbgood","Saved profile in pdf"
"1000Memories","Adler","Rudy","http://www.linkedin.com/in/rudyadler","Saved profile in pdf"
"Answerly.com","Konrad","Jason","http://www.linkedin.com/pub/jason-konrad/7/946/aa5","Company alias is InboxQ; Saved profile in pdf"
"Answerly.com","Fahrner","Joe","http://www.linkedin.com/in/joefahrner","Company alias is InboxQ; Saved profile in pdf"
"Browsarity",,,,"Founder not found"
"CardPool","Wong","Timothy","http://www.linkedin.com/pub/timothy-wong/1/701/9a2","Saved profile in pdf"
"CardPool","Tsai","Anson","http://www.linkedin.com/in/ansontsai","Saved profile in pdf"
"ChromaOm","Epstein","Aaron","http://www.linkedin.com/pub/aaron-epstein/0/105/a97","Saved profile in pdf"
"Crocodoc","Lai","Peter","http://www.linkedin.com/in/peterjlai","Saved profile in pdf"
"Crocodoc","Long","Matt","http://www.linkedin.com/pub/matt-long/b/5a1/113","Saved profile in pdf"
"Crocodoc","Rogers","Bennett","http://www.linkedin.com/pub/bennett-rogers/b/4b3/277","Saved profile in pdf"
"Crocodoc","Damico","Ryan","http://www.linkedin.com/in/ryandamico","Saved profile in pdf"
"Cue","Walker","Robby","http://www.linkedin.com/in/robbywalker","Saved profile in pdf"
"Cue","Gross","Daniel","http://www.linkedin.com/in/danicgross","Saved profile in pdf"
"datamarketplace","Hodan","Matthew","http://www.linkedin.com/in/matthodan","Saved profile in pdf"
"datamarketplace","DeWald","Steve","http://www.linkedin.com/in/sdewald","Saved profile in pdf"
"Embedly","Gibson","Art","http://www.linkedin.com/pub/arthur-gibson/23/849/627","Saved profile in pdf"
"Embedly","Creeley","Sean","http://www.linkedin.com/in/screeley","Saved profile in pdf"
"Embedster","Naylor","Arend","http://www.linkedin.com/in/arendn","Saved profile in pdf"
"Etacts","Liu","Howie","http://www.linkedin.com/in/howieliu","Saved profile in pdf"
"Etacts","Beard","Evan","http://www.linkedin.com/in/evanbeard","Saved profile in pdf"
"Fabricly","Helgason","Ari","http://uk.linkedin.com/in/arihelgason","Saved profile in pdf"
"Fabricly","Riley","Tom","http://www.linkedin.com/pub/tom-riley/3/998/125","Saved profile in pdf"
"Gamador","Lacker","Kevin","http://www.linkedin.com/in/kevinlacker","Saved profile in pdf"
"Homejoy","Cheung","Aaron","http://www.linkedin.com/in/aarontcheung","Saved profile in pdf"
"Homejoy","Cheung","Adora","http://www.linkedin.com/in/adoracheung","Saved profile in pdf"
"Infoharmoni","Boguta","Kovas","http://www.linkedin.com/pub/kovas-boguta/3/515/138","Saved profile in pdf"
"Launchhear","Young","Allan","http://www.linkedin.com/in/allantyoung","Saved profile in pdf"
"Launchhear","Krupp","Alex","http://www.linkedin.com/in/alexkrupp","Saved profile in pdf"
"Mertado","Shah","Mehul","http://www.linkedin.com/in/mehuls","Saved profile in pdf"
"Mertado","Chittoor","Vijay","http://www.linkedin.com/in/vijaychittoor","Saved profile in pdf"
"Mertado","Bhat","Rajiv","http://in.linkedin.com/in/rajivbhat","Saved profile in pdf"
"Movity","Hwang","Sha","http://www.linkedin.com/in/shashashasha","Saved profile in pdf"
"Movity","Koch","Vaughn","http://www.linkedin.com/in/vaughnkoch","Saved profile in pdf"
"Movity","Wu","Eric","http://www.linkedin.com/in/ericwu01","Saved profile in pdf"
"NewsLabs","Chong","Nathan","http://uk.linkedin.com/in/nathanchong","Saved profile in pdf"
"NewsLabs","Biggar","Paul","http://www.linkedin.com/in/paulbiggar","Saved profile in pdf"
"Notifo","Etzel","Chad","http://www.linkedin.com/in/chadetzel","Saved profile in pdf"
"Notifo","Stamatiou","Paul","http://www.linkedin.com/in/pauls","Saved profile in pdf"
"Nowmov","Kelso","David","http://www.linkedin.com/in/davidkelso","Company alias is Nowbox; Saved profile in pdf"
"Nowmov","Black","James",,"Company alias is Nowbox; No LinkedIn profile"
"Nowmov","Pun","Thomas","http://hk.linkedin.com/in/thomaspun","Company alias is Nowbox; Saved profile in pdf"
"Optimizely","Koomen","Pete","http://www.linkedin.com/in/petekoomen","Saved profile in pdf"
"Optimizely","Siroker","Dan","http://www.linkedin.com/in/dsiroker","Saved profile in pdf"
"OwnLocal","Mims","Jeremy","http://www.linkedin.com/in/jeremymims","Saved profile in pdf"
"OwnLocal","Novek","Jason","http://www.linkedin.com/in/jnovek","Saved profile in pdf"
"OwnLocal","Armbrust","Lloyd","http://www.linkedin.com/in/lloydarmbrust","Saved profile in pdf"
"Swagapalooza","Krupp","Alex ","http://www.linkedin.com/in/alexkrupp","Saved profile in pdf; Found these founders at this page: https://m.facebook.com/notes/strategies-for-incorporating-social-media-into-your-events/swagapalooza-the-democratiztion-of-pr-through-viral-experiment/379049754646/"
"Swagapalooza","Young","Allan","http://www.linkedin.com/in/allantyoung","Saved profile in pdf; Found these founders at this page: https://m.facebook.com/notes/strategies-for-incorporating-social-media-into-your-events/swagapalooza-the-democratiztion-of-pr-through-viral-experiment/379049754646/"
"Tweetflow","Unfried","Josh","http://www.linkedin.com/in/joshunfried","Saved profile in pdf; found this info in his website: http://joshunfried.com/about"
"Zencoder","Heffernan","Steve","http://www.linkedin.com/in/heffernan","Saved profile in pdf"
"Zencoder","Dahl","Jon","http://www.linkedin.com/in/zencoder","Saved profile in pdf"
"Zencoder","Arbini","Brandon","http://www.linkedin.com/in/brandonarbini","Saved profile in pdf"
"Zenedy","Morin","Jeff","http://www.linkedin.com/in/jeffmorin","Saved profile in pdf; found this info in his website: http://about.me/jeffmorin"
"Zenedy","Morin","Dan","http://www.linkedin.com/in/danielmorin","Saved profile in pdf; found this info in his website: http://venturebeat.com/2010/03/23/y-combinator/"
"140bets","Chitakar","Paras","http://www.linkedin.com/pub/paras-chitrakar/1/55a/b7","Saved profile in pdf"
"140bets","Wilk","Jason","http://www.linkedin.com/in/jasonpeterwilk","Saved profile in pdf"
"500Friends","Tekiela","Bob","http://www.linkedin.com/pub/robert-tekiela/0/323/bb0","Saved profile in pdf"
"500Friends","Hu","Hong","http://www.linkedin.com/in/huhong","Saved profile in pdf"
"500Friends","Yoshimura","Justin","http://www.linkedin.com/in/justinyoshimura","Saved profile in pdf"
"Bump","Mintz","Jake","http://www.linkedin.com/in/jakemintz","Saved profile in pdf"
"Bump","Huibers","Andy","http://www.linkedin.com/in/andyhuibers","Saved profile in pdf"
"Bump","Lieb","David","http://www.linkedin.com/in/davidlieb","Saved profile in pdf"
"CarWoo","McClung","Tommy","http://www.linkedin.com/in/tmcclung","Saved profile in pdf"
"CarWoo","Young","Michael","http://www.linkedin.com/in/myoung8","Saved profile in pdf"
"DailyBooth","Amos","Ryan","http://www.linkedin.com/in/rmamos","Saved profile in pdf"
"DailyBooth","Wheatley","Jon",,"No LinkedIn profile"
"DirectedEdge","Hussong","Valentin","http://de.linkedin.com/in/hussong","Saved profile in pdf"
"DirectedEdge","Wheeler","Scott","http://de.linkedin.com/in/patrickscottwheeler","Saved profile in pdf"
"FanChatter","Orstad","Norm","http://www.linkedin.com/in/norm0","Saved profile in pdf"
"FanChatter","Wetherall","Marty","http://www.linkedin.com/in/martywetherall","Saved profile in pdf"
"FanChatter","Francl","Luke","http://www.linkedin.com/in/lukefrancl","Saved profile in pdf"
"FanChatter","Kimmons","Nate","http://www.linkedin.com/in/natekimmons","Saved profile in pdf"
"Flightcaster","Bracy","Jon","http://www.linkedin.com/in/jonbracy","Saved profile in pdf"
"Flightcaster","Bracy","James","http://www.linkedin.com/in/waratuman","Saved profile in pdf"
"Flightcaster","Konwiser","Evan","http://www.linkedin.com/in/evankonwiser","Saved profile in pdf"
"Flightcaster","Cross","Bradford","http://www.linkedin.com/in/bradfordcross","Saved profile in pdf"
"Flightcaster","Freedman","Jason","http://www.linkedin.com/in/jasonfreedman","Saved profile in pdf"
"GraffitiGeo","Pandit","Nikhil","http://www.linkedin.com/pub/nikhil-pandit/1/644/b0a","Saved profile in pdf"
"GraffitiGeo","Siong Ong","Teng","http://www.linkedin.com/in/siong1987","Saved profile in pdf"
"GraffitiGeo","Tame","Jared","http://www.linkedin.com/in/jaredtame","Saved profile in pdf"
"HighlightCam","Katsevman","Michael","http://www.linkedin.com/in/mkatsevman","Saved profile in pdf"
"HighlightCam","O'Kelly","Michael J.T","http://www.linkedin.com/pub/michael-j-t-o-kelly/7/b85/129","Saved profile in pdf"
"InstantQ","Levine","Dana","http://www.linkedin.com/in/danaalevine","Saved profile in pdf"
"Jobpic",,,,"Founder not found"
"Jobspice","Rinaudo","Keller","http://www.linkedin.com/pub/keller-rinaudo/18/8b0/19","Saved profile in pdf"
"Jobspice","Hurtubise","Dane","http://www.linkedin.com/in/hurtubise","Saved profile in pdf"
"Jobspice","McCollum","Andrew","http://www.linkedin.com/pub/andrew-mccollum/0/a69/a81","Saved profile in pdf"
"Lingt","Cannon","Justin",,
"Lingt","Varenhorst","Chris","http://www.linkedin.com/in/varenhorst","Saved profile in pdf"
"Listia","Fong","James","https://www.linkedin.com/profile/view?id=1691496&authType=name&authToken=yw8m&trk=prof-sb-browse_map-name","Saved profile in pdf; Could not get direct link to his profile"
"Listia","Chuang","Gee","http://www.linkedin.com/in/geechuang","Saved profile in pdf"
"Lockitron","Robertson","Cameron ","https://www.linkedin.com/profile/view?id=39890649&authType=name&authToken=1UWt&trk=prof-sb-browse_map-name","Saved profile in pdf; Could not get direct link to his profile"
"Lockitron","Gerhardt","Paul ",,
"MeetingMix","Gupta ","Shawn",,
"Mixpanel","Doshi","Suhail","http://www.linkedin.com/in/suhaildoshi","Saved profile in pdf"
"Mixpanel","Trefren","Tim","http://www.linkedin.com/in/timtrefren","Saved profile in pdf"
"Olark","Congleton","Ben","http://www.linkedin.com/in/bencongleton","Saved profile in pdf"
"Olark","Pizzimenti","Matt","http://www.linkedin.com/in/mjpizz","Saved profile in pdf"
"Olark","Osborne","Roland","http://www.linkedin.com/in/rolandosborne","Saved profile in pdf"
"Olark","Steindler","Zach","http://www.linkedin.com/in/steiza","Saved profile in pdf"
"Plurchase",,,,"Website is non-existent"
"RentHop","Lin","Lee","http://www.linkedin.com/pub/lee-renthop/17/19a/aa5","Saved profile in pdf"
"RentHop","Zhou","Lawrence","http://www.linkedin.com/pub/lawrence-zhou/21/235/935","Saved profile in pdf"
"RethinkDB","Akhmechet","Slava","https://www.linkedin.com/in/coffeemug","Saved profile in pdf"
"RethinkDB","Glukhovsky","Michael","https://www.linkedin.com/in/mglukhovsky","Saved profile in pdf"
"Tuxebo",,,,"Tuxebo has been closed"
"Wakemate","Gupta","Arun","http://www.linkedin.com/pub/arun-gupta/8/705/30","Saved profile in pdf"
"Wakemate","Nemeth","Greg","http://www.linkedin.com/in/gregnemeth","Saved profile in pdf"
"Wakemate","Davis","Tom","http://www.linkedin.com/in/tdavis","Saved profile in pdf"
"Wakemate","Lewiston","Craig","http://www.linkedin.com/pub/craig-lewiston/5/bb/930","Saved profile in pdf"
"WePay","Aberman","Richard","http://www.linkedin.com/in/richaberman","Saved profile in pdf"
"WePay","Clerico","Bill","http://www.linkedin.com/in/billclerico","Saved profile in pdf"
"Adioso","Bailey","Fenn","http://au.linkedin.com/in/fennbailey","Saved profile in pdf"
"Adioso","Howard","Tom","http://au.linkedin.com/in/adiosotom","Saved profile in pdf"
"AirBnb","Blecharczyk","Nathan","http://www.linkedin.com/in/blecharczyk","Saved profile in pdf"
"AirBnb","Gebbia","Joe","https://www.linkedin.com/profile/view?id=3227180&authType=name&authToken=NgdA&trk=prof-sb-browse_map-name","Saved profile in pdf; Could not get direct link to his profile"
"AirBnb","Chesky","Brian","http://www.linkedin.com/in/brianchesky","Saved profile in pdf"
"Cloudkick",,,,
"Divvyshot","Odio","Sam","http://www.linkedin.com/in/samodio","Saved profile in pdf"
"Echodio","Smart","Niall","http://www.linkedin.com/in/niallsmart","Saved profile in pdf"
"Foodoro","Kim","Jason","http://www.linkedin.com/pub/jason-kim/4/904/789","Saved profile in pdf"
"Heyzap","Akhund","Immad","http://www.linkedin.com/in/iakhund","Saved profile in pdf"
"Heyzap","Gomila","Jude","http://www.linkedin.com/in/judegomila","Saved profile in pdf"
"Nambii","Boyle","James",,"No LinkedIn profile"
"Nambii","Grigs","Jody",,"No LinkedIn profile"
"Picurio","Savidge","Laura","http://www.linkedin.com/in/laurasavidge","Saved profile in pdf"
"Picurio","Kodiak","Michael","http://www.linkedin.com/in/michaelkodiak","Saved profile in pdf"
"Picurio","Berger","Jonathan","http://www.linkedin.com/in/bergerj","Saved profile in pdf"
"PocketFunGames",,,,
"Propable",,,,
"reMail","Cselle","Gabor","http://www.linkedin.com/in/gaborcselle","Saved profile in pdf"
"Skysheet",,,,
"TheSixtyOne","Hsiung","Samuel","http://www.linkedin.com/pub/samuel-hsiung/5/2b2/a24","Saved profile in pdf"
"TheSixtyOne","Miao","James","http://www.linkedin.com/in/jmiao","Saved profile in pdf"
"Voxli","Liaw","Joey","http://www.linkedin.com/in/joeyliaw","Saved profile in pdf"
"Wattvision","Singh","Savraj","http://www.linkedin.com/in/savraj","Saved profile in pdf"
"Anyvite","Morin","Jeff","http://www.linkedin.com/in/jeffmorin","Anyvite.com is a product of Simpletastic Inc.; Saved profile in pdf"
"Anyvite","Morin","Dan","http://www.linkedin.com/in/danielmorin","Anyvite.com is a product of Simpletastic Inc.; Saved profile in pdf"
"AwesomeHighlighter",,,,
"Backtype","Montano","Michael","http://www.linkedin.com/in/mikemontano","Saved profile in pdf"
"Backtype","Golda","Christopher","http://www.linkedin.com/in/chrisgolda","Saved profile in pdf"
"CO2Stats","Wissner-Gross","Alexander","http://www.linkedin.com/in/alexwg","CO2Stats is product of Enernetics; Saved profile in pdf"
"CO2Stats","Sullivan","Timothy ","http://www.linkedin.com/in/timmsullivan","CO2Stats is product of Enernetics; Saved profile in pdf"
"ContestMachine","Singh","Savraj ","http://www.linkedin.com/in/savraj","Saved profile in pdf"
"Frogmetrics","Mims","Jeremy","http://www.linkedin.com/in/jeremymims","Saved profile in pdf"
"Frogmetrics","Phoenix","D. Scott","http://www.linkedin.com/in/dscottphoenix","Saved profile in pdf"
"Ididwork",,,,"ididwork has been closed"
"Meetcast",,,,
"People and Pages",,,,
"Picwing","Kim","Edward","http://www.linkedin.com/in/edawerd","Saved profile in pdf"
"Picwing","Rodriguez","Enrique","http://www.linkedin.com/pub/enrique-rodriguez/0/7b3/573","Saved profile in pdf"
"PollEverywhere","Gessler","Brad","http://www.linkedin.com/in/bradgessler","Saved profile in pdf"
"PollEverywhere","Vyduna","Jeff ","http://www.linkedin.com/in/jeffvyduna","Saved profile in pdf"
"PopCuts","Liu","Yiming ","http://www.linkedin.com/in/yimingliu","Saved profile in pdf"
"PopCuts","Lim","Kevin Mateo ","http://www.linkedin.com/pub/kevin-lim/1/986/b94","Saved profile in pdf"
"PopCuts","Hesse","Hannes","http://de.linkedin.com/in/hanneshesse","Saved profile in pdf"
"Posterous","Tan","Garry","http://www.linkedin.com/in/garrytan","Saved profile in pdf"
"Posterous","Agarwal","Sachin","http://www.linkedin.com/in/a4agarwal","Saved profile in pdf"
"Posterous","Gibson","Brett","https://www.linkedin.com/profile/view?id=1284310&authType=NAME_SEARCH&authToken=iD4G&locale=en_US&srchid=1343260901417766938754&srchindex=1&srchtotal=1&trk=vsrp_people_res_name&trkInfo=VSRPsearchId%3A1343260901417766938754%2CVSRPtargetId%3A1284310%2CVSRPcmpt%3Aprimary","Saved profile in pdf; Could not get direct link to his profile"
"Precognate",,,,
"Scoopler",,,,
"Slinkset","Baunach","John","http://www.linkedin.com/in/jbaunach","Saved profile in pdf"
"Slinkset","Gibson","Brett","https://www.linkedin.com/profile/view?id=1284310&authType=NAME_SEARCH&authToken=iD4G&locale=en_US&srchid=1343260901417766938754&srchindex=1&srchtotal=1&trk=vsrp_people_res_name&trkInfo=VSRPsearchId%3A1343260901417766938754%2CVSRPtargetId%3A1284310%2CVSRPcmpt%3Aprimary","Saved profile in pdf; Could not get direct link to his profile"
"Snipd",,,,"Snipd has been closed"
"Socialbrowse","Garbow","Zachary",,
"Socialbrowse","Fowler","David","http://www.linkedin.com/pub/dave-fowler/9/a16/482","Saved profile in pdf"
"Startuply","Groesbeck","Luke","http://www.linkedin.com/in/lukegroesbeck","Saved profile in pdf"
"Startuply","Ngo","Loc","http://www.linkedin.com/in/locngo","Saved profile in pdf"
"Startuply","Wong","Ben","http://www.linkedin.com/in/benwong0","Saved profile in pdf"
"TicketStumbler","Davis","Tom","http://www.linkedin.com/in/tdavis","Saved profile in pdf"
"TicketStumbler","Haubert","Dan",,
"UrbanTakeover",,,,
"Vidly / Fliggo","Rhodes","Daniel","http://www.linkedin.com/in/danielrhodes","Fliggo has been closed; Saved profile in pdf"
"Vidly / Fliggo","Bader-Wechseler","Chrys ","http://www.linkedin.com/in/chrysb","Fliggo has been closed; Saved profile in pdf"
"Vidly / Fliggo","Heil","Greggory","http://www.linkedin.com/pub/greggory-heil/8/b60/815","Fliggo has been closed; Saved profile in pdf"
"Youlicit","Radi","Omar ","http://www.linkedin.com/pub/omar-radi/4b/a31/464","Saved profile in pdf"
"Youlicit","Rahman","Asif ","http://www.linkedin.com/pub/asif-rahman/3/510/a13","Saved profile in pdf"
"Youlicit","Gupta","Nihaar","http://www.linkedin.com/in/nihaargupta","Saved profile in pdf"
"Youlicit","Harun","Toufique","http://www.linkedin.com/in/toufique","Saved profile in pdf"
"Addmired","Sherrill","Michael","http://www.linkedin.com/in/mikesherrill","Alias is Machine Zone, Inc.; Saved profile in pdf"
"Addmired","Nakagawa","Halbert","http://www.linkedin.com/in/halbertnakagawa","Alias is Machine Zone, Inc.; Saved profile in pdf"
"Addmired","Leydon","Gabriel","http://www.linkedin.com/in/gleydon","Alias is Machine Zone, Inc.; Saved profile in pdf"
"Chatterous","Arasaki","Kenshi","http://ca.linkedin.com/in/kenshiarasaki","Saved profile in pdf"
"Chatterous","Chung","Wilkins","http://www.linkedin.com/in/wwhchung","Saved profile in pdf"
"Deluux","Mckellar","Paul","http://www.linkedin.com/pub/paul-mckellar/2/baa/a05","Saved profile in pdf"
"Deluux","Pfeiffenberger","Philipp",,
"FathomDB",,,,"Acquired by Meteor; Founders not found"
"Heroku","Lindenbaum","James","https://www.linkedin.com/profile/view?id=7626&authType=name&authToken=oZnq&trk=prof-sb-browse_map-name","Saved profile in pdf"
"Heroku","Wiggins","Adam","http://de.linkedin.com/pub/adam-wiggins/45/238/a76","Saved profile in pdf"
"Insoshi",,,,"Not found"
"Joberator","Ortiz","Jorge","http://www.linkedin.com/in/jorgeo","Saved profile in pdf"
"Joberator","Eggleston","Brian","http://www.linkedin.com/in/beggleston","Saved profile in pdf"
"Kirkland North","Smedresman","Gabe","http://www.linkedin.com/pub/gabe-smedresman/3/768/113","Saved profile in pdf"
"Kirkland North","Fong","Andrew","http://www.linkedin.com/in/fongandrew","Saved profile in pdf"
"MightyQuiz",,,,
"Mixwit","Christoff","Michael","http://www.linkedin.com/in/christoff","Saved profile in pdf"
"Mixwit","Marx","Radley","http://www.linkedin.com/in/radleymarx","Saved profile in pdf"
"Ninite","Swieskowski","Patrick",,
"Ninite","Kuzins","Sascha","http://www.linkedin.com/pub/sascha-kuzins/7/77/559","Saved profile in pdf"
"Omnisio","Ratner","Simon","http://www.linkedin.com/in/simonratner","Saved profile in pdf"
"Omnisio","Frumar","Julian","http://www.linkedin.com/in/jfrumar","Saved profile in pdf"
"Omnisio","Junee","Ryan","http://www.linkedin.com/in/rjunee","Saved profile in pdf"
"RescueTime","Hruska","Joe","http://www.linkedin.com/in/joehruska","Saved profile in pdf"
"RescueTime","Fioca","Brian","http://www.linkedin.com/in/brianfioca","Saved profile in pdf"
"RescueTime","Wright","Tony","http://www.linkedin.com/in/webwright","Saved profile in pdf"
"Snaptalent","Cater","Brad","http://www.linkedin.com/in/bradcater","Saved profile in pdf"
"Snaptalent","Sadhu","Sumon","http://www.linkedin.com/in/sumonsadhu","Saved profile in pdf"
"Snaptalent","Quint","Jamie","http://www.linkedin.com/in/jamiequint","Saved profile in pdf"
"Snaptalent","Davey","Tim","http://uk.linkedin.com/in/timjdavey","Saved profile in pdf"
"Tipjoy","Kirigin","Ivan","http://www.linkedin.com/in/kirigin","Saved profile in pdf"
"Tipjoy","Kirigin","Abigail","http://www.linkedin.com/in/abigailkirigin","Saved profile in pdf"
"Webmynd","Nathoo","Amir","http://www.linkedin.com/in/amirnathoo","WebMynd is now Trigger.io; Saved profile in pdf"
"Webmynd","Brady","James","http://www.linkedin.com/in/goodgravy","WebMynd is now Trigger.io; Saved profile in pdf"
"Wundrbar","Dudley","Andrew","http://www.linkedin.com/in/andrewddudley","Saved profile in pdf"
"Wundrbar","Grandy","Nick","http://www.linkedin.com/pub/nick-grandy/1/b71/463","Saved profile in pdf"
"YumDots","Mobin","Raza","http://www.linkedin.com/in/razamobin","Saved profile in pdf"
"YumDots","Rosetta","Mark",,
"280 North","Boucher","Ross","http://www.linkedin.com/pub/ross-boucher/4/929/66b","Saved profile in pdf"
"280 North","Robinson","Tom","http://www.linkedin.com/in/tlrobinson","Saved profile in pdf"
"280 North","Tolmasky","Francisco","http://www.linkedin.com/in/tolmasky","Saved profile in pdf"
"8aweek","Fowler","David","http://www.linkedin.com/pub/dave-fowler/9/a16/482","Saved profile in pdf"
"8aweek","Garbow","Zachary",,
"Adpinion","Iannini","Luke","http://www.linkedin.com/pub/luke-iannini/4/732/198","Saved profile in pdf"
"Anywhere.fm","Tsai","Anson","http://www.linkedin.com/in/ansontsai","Saved profile in pdf"
"Anywhere.fm","Rekhi","Sachin","http://www.linkedin.com/in/sachinrekhi","Saved profile in pdf"
"Anywhere.fm","Chen","Luxiou","http://www.linkedin.com/pub/luxiou-chen/2/2bb/41","Saved profile in pdf"
"Appjet","Zamfirescu","J.D.","http://www.linkedin.com/pub/j-d-zamfirescu/3/171/342","Saved profile in pdf"
"Appjet","Iba","Aaron","http://www.linkedin.com/in/aaroniba","Saved profile in pdf"
"Appjet","Greenspan","David",,
"Biographicon","Terhorst","Daniel","http://www.linkedin.com/in/terhorst","Saved profile in pdf"
"Biographicon","Herdrick","Ethan","http://www.linkedin.com/in/herdrick","Saved profile in pdf"
"Bountii","Meghani","Samir","http://www.linkedin.com/in/samirmeghani","Saved profile in pdf"
"Bountii","Puskarich","John","http://www.linkedin.com/in/johnpuskarich","Saved profile in pdf"
"Clickpass","Akhund","Immad","http://www.linkedin.com/in/iakhund","Saved profile in pdf"
"Clickpass","Nixey","Peter","http://uk.linkedin.com/in/peternixey","Saved profile in pdf"
"Cloudant","Hoffman","Alan","http://www.linkedin.com/in/alanmhoffman","Saved profile in pdf"
"Cloudant","Miller","Michael","http://www.linkedin.com/pub/mike-miller/6/90a/a68","Saved profile in pdf"
"Cloudant","Kocoloski","Adam",,
"Disqus","Yan","Jason","http://www.linkedin.com/in/jasonyan","Saved profile in pdf"
"Disqus","Ha","Daniel","http://www.linkedin.com/in/danielha","Saved profile in pdf"
"Draftmix","Remesch","Chad","http://www.linkedin.com/pub/chad-remesch/31/638/346","Saved profile in pdf"
"Dropbox","Ferdowsi","Arash ","http://www.linkedin.com/in/arashferdowsi","Saved profile in pdf"
"Dropbox","Houston","Drew ","http://www.linkedin.com/in/drewhouston","Saved profile in pdf"
"Fuzzwich",,,,
"iJigg","Farooqui","Shadab","http://www.linkedin.com/in/shadabf","Saved profile in pdf"
"iJigg","Farooqui","Bilal","http://www.linkedin.com/pub/bilal-farooqui/80/796/534","Saved profile in pdf"
"iJigg","Sikora","Rodolfo","http://br.linkedin.com/in/rodolfosikora","Saved profile in pdf"
"iJigg","Farooqui","Zaid",,
"Justin.tv","Vogt","Kyle","http://www.linkedin.com/in/kylevogt","Saved profile in pdf"
"Justin.tv","Kan","Justin","http://www.linkedin.com/pub/justin-kan/1/380/5a2","Saved profile in pdf"
"Reble",,,,
"SlapVid",,,,
"SocialPicks","Lin","Keven",,
"SocialPicks","Liu","Weiting","http://www.linkedin.com/in/weitingliu","Saved profile in pdf"
"Songkick","You","Michelle","http://uk.linkedin.com/in/michelleyou","Saved profile in pdf"
"Songkick","Smith","Pete","http://uk.linkedin.com/in/petesmithy","Saved profile in pdf"
"Songkick","Hogarth","Ian","http://uk.linkedin.com/in/ianhogarth","Saved profile in pdf"
"Splashup",,,,
"Zecter (Versionate)","Mani","Vijay","http://www.linkedin.com/in/vijaykmani","Saved profile in pdf"
"Zecter (Versionate)","West","Kevin","http://www.linkedin.com/pub/kevin-west/11/a23/aa2","Saved profile in pdf"
"Zecter (Versionate)","Zhao","David","http://www.linkedin.com/in/davidzhao","Saved profile in pdf"
"Auctomatic","Taggar","Kulveer","http://www.linkedin.com/in/kulveer","Saved profile in pdf"
"Auctomatic","Taggar","Harjeet","http://www.linkedin.com/in/harjeet","Saved profile in pdf"
"Auctomatic","Collison","Patrick","http://www.linkedin.com/pub/patrick-collison/61/685/9b2","Saved profile in pdf"
"Buxfer","Bharambe","Ashwin","http://www.linkedin.com/in/ashwinbharambe","Saved profile in pdf"
"Buxfer","Pandit","Shashank","http://www.linkedin.com/in/shashankpandit","Saved profile in pdf"
"Heysan","Lindhe","Pär",,
"Heysan","Ossareh","Michael","http://www.linkedin.com/in/ossareh","Saved profile in pdf"
"Heysan","Brattberg","Marie","http://se.linkedin.com/in/mariebrattberg","Saved profile in pdf"
"Octopart","Agarwal","Harish","http://www.linkedin.com/pub/harish-agarwal/3/725/551","Saved profile in pdf"
"Octopart","Wurzel","Sam","http://www.linkedin.com/pub/sam-wurzel/3/924/b3","Saved profile in pdf"
"Octopart","Morey","Andres","http://www.linkedin.com/pub/andres-morey/3/720/722","Saved profile in pdf"
"Parakey","Hewitt","Joe ",,"Cannot view Linked In profile"
"Parakey","Ross","Blake",,"Cannot view Linked In profile"
"SocialMoth",,,,
"Tsumobi",,,,
"View3",,,,
"VirtualMin",,,,
"Weebly","Veltri","Dan","http://www.linkedin.com/in/veltri","Saved profile in pdf"
"Weebly","Fanini","Chris","http://www.linkedin.com/pub/chris-fanini/2/751/3a9","Saved profile in pdf"
"Weebly","Rusenko","David","http://www.linkedin.com/in/drusenko","Saved profile in pdf"
"Whitenoise Networks",,,,
"Writewith",,,,
"Zenter","Walker","Robby","http://www.linkedin.com/in/robbywalker","Saved profile in pdf"
"Zenter","Crosby","Wayne","http://www.linkedin.com/in/wcrosby","Saved profile in pdf"
"JamGlue","Jayaraman","Gautam","http://www.linkedin.com/in/gautamj","Saved profile in pdf"
"JamGlue","Bhat","Divya","http://www.linkedin.com/in/divyab","Saved profile in pdf"
"JamGlue","Muller","Casey","http://www.linkedin.com/in/caseymrm","Saved profile in pdf"
"JumpChat",,,,
"LikeBetter","Kennedy","Bryan","http://www.linkedin.com/in/plusbryan","Saved profile in pdf"
"OMGPOP","Forman","Charles","http://www.linkedin.com/in/iminlikewithyou","Saved profile in pdf"
"PollGround",,,,
"Scribd","Bernstam","Tikhon","http://www.linkedin.com/pub/tikhon-bernstam/1/a19/940","Saved profile in pdf"
"Scribd","Friedman","Jared","http://www.linkedin.com/in/jaredfriedman","Saved profile in pdf"
"Scribd","Adler","Trip","http://www.linkedin.com/pub/trip-adler/4/67/237","Saved profile in pdf"
"Shoutfit",,,,
"Talkito",,,,
"Thinkature",,,,
"Xobni","Brezina","Matt ","http://www.linkedin.com/pub/matt-brezina/b/420/54a","Saved profile in pdf"
"Xobni","Smith","Adam ","http://www.linkedin.com/pub/adam-smith/1/130/4a8","Saved profile in pdf"
"AudioBeta",,,,
"Clustrix","Tsarev","Sergei","http://www.linkedin.com/profile/view?id=2954139","There's LinkedIn link, but I cannot view his profile. This link is available at crunchbase."
"Clustrix","Mikesell","Paul ","http://www.linkedin.com/profile/view?id=970122","There's LinkedIn link, but I cannot view his profile. This link is available at crunchbase."
"Flagr","Rise","Cole","http://www.linkedin.com/in/colerise","Saved profile in pdf"
"Flagr","Colyer","Matt","http://www.linkedin.com/profile/view?id=12320936","There's LinkedIn link, but I cannot view his profile. This link is available at crunchbase."
"InklingMarkets","Siegel","Adam ","http://www.linkedin.com/pub/adam-siegel/1/a01/540","Saved profile in pdf"
"Snipshot","Hartshorne","Beau","http://www.linkedin.com/in/beauhartshorne","Saved profile in pdf"
"Snipshot","Dingle","Greg ","http://www.linkedin.com/pub/greg-dingle/3/25b/634","Saved profile in pdf"
"Wufoo","Campbell","Chris ","http://www.linkedin.com/pub/chris-campbell/0/1b6/617","Saved profile in pdf"
"Wufoo","Hale","Kevin ","http://www.linkedin.com/in/unfoldedorigami","Saved profile in pdf"
"Wufoo","Campbell","Ryan ",,
"YouOS","Panguluri","Srini ","https://www.linkedin.com/in/srinipanguluri","Saved profile in pdf"
"YouOS","Wong","Joe ","http://www.linkedin.com/pub/joe-wong/6/3a1/988","Saved profile in pdf"
"YouOS","Mellen","Jeff","http://www.linkedin.com/in/jmellen","Saved profile in pdf"
"YouOS","Hsiung","Samuel ","http://www.linkedin.com/pub/samuel-hsiung/5/2b2/a24","Saved profile in pdf"
"ClickFacts","Caruso","Michael","http://www.linkedin.com/profile/view?id=27366","There's LinkedIn link, but I cannot view his profile. This link is available at crunchbase."
"Infogami","Shaikh","Kay","https://www.linkedin.com/pub/kay-shaikh/16/807/1b0","Saved profile in pdf"
"Kiko","Shear","Emmett","http://www.linkedin.com/pub/emmett-shear/1/380/610","Saved profile in pdf"
"Kiko","Kan","Justin","http://www.linkedin.com/pub/justin-kan/1/380/5a2","Saved profile in pdf"
"Loopt","Sivo","Nick",,
"Loopt","Altman","Sam","https://www.linkedin.com/pub/sam-altman/1b/724/34a","There's LinkedIn link, but Profile not found"
"Loopt","Deshpande","Alok","https://www.linkedin.com/pub/alok-deshpande/5/625/85b","Saved profile in pdf"
"Memamp","Slowe","Christopher ",,"Found at Wikipedia; not found on Linked In nor Crunchbase"
"Reddit","Huffman","Steve","http://www.linkedin.com/in/shuffman56","Saved profile in pdf"
"Reddit","Ohanian","Alexis","http://www.linkedin.com/in/alexisohanian","Saved profile in pdf"
"Simmery",,,,"Not found"
"TextPayMe","Yuen","Gerald","https://www.linkedin.com/pub/gerald-yuen/3/758/71b","Saved profile in pdf"
"TextPayMe","Huang","CJ","http://www.linkedin.com/pub/cj-huang/2/2b6/b26","Saved profile in pdf"
"TextPayMe","Yuen","Philip","http://www.linkedin.com/pub/philip-yuen/0/156/a02","Saved profile in pdf"
